date,prcp,RH,tmax,tmin,vp,discharge
1993/1/1,0,92,78,21,10142,1160
1993/1/2,3,93,65,45,10125,1160
1993/1/3,17,86,74,47,10186,1190
1993/1/4,32700,72,61,0,10237,1210
1993/1/5,0,76,45,8,10207,1090
1993/1/6,0,86,55,-20,10163,1070
1993/1/7,69,93,45,-3,10153,1150
1993/1/8,178,95,34,1,10181,1210
1993/1/9,19,94,24,9,10184,1220
1993/1/10,21,91,14,-4,10203,1070
1993/1/11,32700,84,50,-15,10184,1050
1993/1/12,9,92,32,6,10158,1070
1993/1/13,173,96,32,-1,10178,1080
1993/1/14,6,82,17,-14,10222,1110
1993/1/15,0,65,12,-50,10249,1130
1993/1/16,0,79,25,-66,10230,1080
1993/1/17,0,82,77,-34,10186,1090
1993/1/18,0,75,20,-38,10219,946
1993/1/19,0,75,-4,-39,10197,855
1993/1/20,0,59,17,-27,10224,799
1993/1/21,0,75,26,-55,10242,805
1993/1/22,0,79,62,-24,10196,733
1993/1/23,0,77,75,-46,10180,667
1993/1/24,0,80,74,-55,10167,672
1993/1/25,0,81,104,-45,10155,625
1993/1/26,0,75,103,-2,10196,737
1993/1/27,0,71,60,-29,10243,768
1993/1/28,0,67,65,-48,10217,862
1993/1/29,0,72,134,-34,10164,1020
1993/1/30,0,69,141,-29,10147,962
1993/1/31,0,64,149,-5,10187,989
1993/2/1,0,60,101,-30,10252,1080
1993/2/2,32700,59,105,30,10195,992
1993/2/3,0,66,158,9,10160,1050
1993/2/4,0,71,189,-5,10128,1140
1993/2/5,0,71,228,12,10030,1120
1993/2/6,0,56,182,56,10012,867
1993/2/7,0,39,128,45,10125,961
1993/2/8,32,76,126,31,10167,1090
1993/2/9,32700,92,54,3,10149,1120
1993/2/10,2,84,132,38,10132,1140
1993/2/11,0,78,149,17,10153,1190
1993/2/12,0,72,173,16,10123,1140
1993/2/13,0,77,172,31,10118,1190
1993/2/14,24,75,140,79,10129,1200
1993/2/15,83,86,126,61,10087,1100
1993/2/16,0,80,144,67,10066,929
1993/2/17,78,91,112,82,10082,1020
1993/2/18,86,90,85,58,10115,938
1993/2/19,268,93,61,4,10137,996
1993/2/20,79,92,64,6,10101,937
1993/2/21,1,81,131,18,10104,917
1993/2/22,1,72,99,25,10197,1030
1993/2/23,0,71,58,15,10225,1020
1993/2/24,46,86,38,-6,10222,1130
1993/2/25,0,82,63,-16,10186,1150
1993/2/26,0,81,87,-4,10131,1070
1993/2/27,0,65,144,12,10118,952
1993/2/28,0,55,121,2,10178,993
1993/3/1,0,65,128,-9,10207,1060
1993/3/2,0,62,97,-5,10167,961
1993/3/3,0,64,182,1,10134,1020
1993/3/4,0,67,201,14,10063,1140
1993/3/5,0,64,190,52,10039,1070
1993/3/6,0,45,123,40,10148,1080
1993/3/7,0,58,133,61,10166,1060
1993/3/8,38,68,97,36,10175,1060
1993/3/9,32700,82,159,-4,10159,1120
1993/3/10,0,84,141,38,10090,1040
1993/3/11,0,73,195,49,10090,1010
1993/3/12,2,78,158,84,10073,1090
1993/3/13,103,90,134,77,10013,1010
1993/3/14,41,89,102,72,10041,944
1993/3/15,177,90,92,67,10108,996
1993/3/16,10,68,94,62,10133,933
1993/3/17,0,55,79,49,10168,1070
1993/3/18,0,69,106,37,10196,1040
1993/3/19,0,66,121,50,10191,962
1993/3/20,0,67,129,25,10159,957
1993/3/21,0,80,135,10,10134,1070
1993/3/22,0,85,97,61,10110,1060
1993/3/23,88,90,97,70,10058,1140
1993/3/24,0,85,161,29,10029,1070
1993/3/25,284,89,141,107,10031,1090
1993/3/26,33,89,130,96,10058,1200
1993/3/27,3,88,121,94,10046,1240
1993/3/28,3,68,179,93,10127,1350
1993/3/29,0,63,145,91,10136,1430
1993/3/30,0,74,218,52,10047,1360
1993/3/31,0,74,237,59,9994,1360
1993/4/1,0,73,235,106,9993,1170
1993/4/2,0,74,248,123,10001,1230
1993/4/3,45,77,214,72,10054,1180
1993/4/4,89,76,106,60,10146,1120
1993/4/5,5,72,136,74,10137,1170
1993/4/6,0,64,198,93,10129,1280
1993/4/7,0,62,162,93,10149,1150
1993/4/8,32700,63,149,76,10180,1190
1993/4/9,0,70,195,72,10127,1150
1993/4/10,0,48,165,87,10155,1370
1993/4/11,0,64,121,82,10141,1360
1993/4/12,32700,64,199,74,10140,1260
1993/4/13,66,86,163,99,10156,1190
1993/4/14,1,87,167,70,10138,1100
1993/4/15,0,88,182,100,10077,1160
1993/4/16,2,88,222,98,10042,1170
1993/4/17,0,73,255,127,10036,1180
1993/4/18,0,66,266,135,10031,1180
1993/4/19,0,76,254,126,10027,1180
1993/4/20,0,73,282,128,9994,1360
1993/4/21,0,60,310,137,10010,1400
1993/4/22,0,60,319,169,9950,1510
1993/4/23,0,73,328,171,9899,1500
1993/4/24,0,53,260,183,10001,1380
1993/4/25,0,53,208,115,10071,1420
1993/4/26,0,65,300,109,9959,1450
1993/4/27,7,81,275,186,9914,1460
1993/4/28,17,73,247,189,9940,1430
1993/4/29,7,77,285,175,9952,1510
1993/4/30,163,89,253,143,9946,1320
1993/5/1,292,92,146,116,10054,1050
1993/5/2,32700,79,244,105,10056,789
1993/5/3,0,78,252,125,10035,1340
1993/5/4,0,76,252,141,9998,1500
1993/5/5,1,81,236,162,10003,1390
1993/5/6,1,75,278,162,10002,1370
1993/5/7,0,61,248,177,10040,1480
1993/5/8,87,77,202,132,10053,1430
1993/5/9,0,72,242,94,10024,1430
1993/5/10,0,78,260,127,9969,1420
1993/5/11,32700,79,280,187,9922,1330
1993/5/12,147,83,249,155,9946,1240
1993/5/13,171,91,163,135,10084,1310
1993/5/14,5,83,180,134,10131,1170
1993/5/15,10,86,173,138,10100,1390
1993/5/16,32700,83,234,113,10054,1470
1993/5/17,0,87,220,126,10041,1170
1993/5/18,44,93,192,157,10035,1260
1993/5/19,10,85,211,150,10021,1250
1993/5/20,200,93,183,167,10012,1200
1993/5/21,0,69,275,165,10026,1030
1993/5/22,0,80,263,148,10026,1150
1993/5/23,0,74,299,157,9989,1300
1993/5/24,0,75,317,161,9942,1340
1993/5/25,3,78,268,197,9976,1520
1993/5/26,1,71,228,177,10049,1440
1993/5/27,155,82,202,156,10044,1310
1993/5/28,1,67,265,153,10032,1340
1993/5/29,0,63,283,143,9991,1500
1993/5/30,0,67,290,182,9936,1450
1993/5/31,2,87,250,189,9919,1500
1993/6/1,16,67,327,185,9924,1580
1993/6/2,0,72,263,182,9968,1620
1993/6/3,120,86,239,167,9980,1600
1993/6/4,80,87,240,153,9987,1280
1993/6/5,0,83,292,138,9967,1340
1993/6/6,0,77,307,190,9954,1470
1993/6/7,0,81,298,198,9948,1440
1993/6/8,0,79,318,203,9959,1520
1993/6/9,0,70,344,196,9954,1560
1993/6/10,0,72,328,229,9952,1600
1993/6/11,37,86,290,232,9920,1580
1993/6/12,32700,56,339,220,9912,1390
1993/6/13,0,64,324,212,9922,1410
1993/6/14,0,60,370,214,9917,1540
1993/6/15,0,55,370,202,9927,1460
1993/6/16,0,73,326,220,9928,1560
1993/6/17,0,71,305,208,9959,1400
1993/6/18,1,80,300,224,9949,1550
1993/6/19,16,78,302,217,9946,1490
1993/6/20,32700,80,297,227,9930,1410
1993/6/21,158,82,280,221,9938,1240
1993/6/22,0,78,315,210,9952,1070
1993/6/23,0,79,338,232,9928,1240
1993/6/24,84,73,326,200,9939,1160
1993/6/25,32700,69,315,197,9954,1320
1993/6/26,0,75,315,216,9950,1370
1993/6/27,0,83,326,247,9950,1370
1993/6/28,36,89,307,223,9964,1360
1993/6/29,16,91,260,218,9937,1350
1993/6/30,0,81,317,214,9925,1210
1993/7/1,0,81,300,227,9955,1230
1993/7/2,0,80,316,232,9947,1280
1993/7/3,0,82,274,211,9947,1160
1993/7/4,0,75,322,199,9942,1200
1993/7/5,0,73,327,208,9923,1220
1993/7/6,2,83,317,235,9920,1330
1993/7/7,32700,71,352,223,9901,1190
1993/7/8,0,80,340,221,9908,1430
1993/7/9,0,77,350,229,9893,1360
1993/7/10,0,82,325,258,9890,1280
1993/7/11,243,80,370,262,9873,1440
1993/7/12,0,75,378,242,9869,1410
1993/7/13,0,75,365,264,9881,1410
1993/7/14,0,74,341,253,9897,1520
1993/7/15,0,78,350,259,9892,1620
1993/7/16,32700,77,301,255,9910,1680
1993/7/17,0,80,338,228,9891,1710
1993/7/18,1,80,350,263,9875,1740
1993/7/19,16,82,298,236,9926,1670
1993/7/20,0,76,306,225,9958,1650
1993/7/21,142,92,264,200,9974,1370
1993/7/22,419,96,210,192,9975,1390
1993/7/23,22,86,266,182,9966,1440
1993/7/24,4,84,288,208,9936,1340
1993/7/25,0,85,292,217,9912,1160
1993/7/26,0,83,319,219,9920,1130
1993/7/27,32700,81,317,238,9933,1170
1993/7/28,32700,81,307,243,9935,1320
1993/7/29,46,90,278,245,9923,1290
1993/7/30,0,84,307,224,9904,1140
1993/7/31,4,88,290,227,9917,1310
1993/8/1,32700,82,323,242,9930,860
1993/8/2,0,84,333,248,9938,1320
1993/8/3,32700,82,348,256,9917,1450
1993/8/4,0,85,345,265,9877,1470
1993/8/5,388,81,345,244,9902,1380
1993/8/6,455,94,289,245,9937,1430
1993/8/7,32700,88,300,246,9933,1340
1993/8/8,0,84,323,228,9935,1060
1993/8/9,32700,83,307,235,9946,1240
1993/8/10,18,85,287,236,9939,1260
1993/8/11,83,89,242,165,9949,1160
1993/8/12,51,92,241,199,9942,1150
1993/8/13,50,92,248,218,9972,1270
1993/8/14,9,93,255,218,9962,1440
1993/8/15,34,94,236,209,9967,1420
1993/8/16,36,80,314,205,9975,1240
1993/8/17,32700,83,303,212,9985,1300
1993/8/18,40,79,285,217,9997,1390
1993/8/19,2,87,257,187,9992,1650
1993/8/20,22,80,283,198,9981,1390
1993/8/21,0,83,280,192,9983,1250
1993/8/22,32700,86,283,208,9979,1230
1993/8/23,36,84,330,236,9954,1370
1993/8/24,17,85,278,222,9968,1400
1993/8/25,62,88,227,200,9990,1390
1993/8/26,5,80,313,194,9978,1250
1993/8/27,0,77,315,189,10001,1420
1993/8/28,99,86,264,195,10035,1460
1993/8/29,19,90,229,184,10051,1400
1993/8/30,0,87,253,187,10072,1390
1993/8/31,0,81,288,182,10050,1400
1993/9/1,0,82,295,189,10031,1500
1993/9/2,0,74,305,203,10013,1590
1993/9/3,0,78,316,196,9994,1610
1993/9/4,0,80,315,196,9987,1700
1993/9/5,0,76,321,203,10022,1630
1993/9/6,0,76,319,203,10047,1740
1993/9/7,0,71,302,203,10037,1710
1993/9/8,9,73,257,197,10039,1580
1993/9/9,121,89,214,186,10046,1450
1993/9/10,652,96,195,169,10044,1380
1993/9/11,1,86,262,178,10020,1290
1993/9/12,0,82,308,161,10002,1180
1993/9/13,0,82,304,180,10016,1150
1993/9/14,6,85,285,194,10028,1380
1993/9/15,48,89,237,197,10006,1130
1993/9/16,0,82,292,208,9979,1120
1993/9/17,2,84,264,224,10011,1150
1993/9/18,2,82,270,204,10049,1050
1993/9/19,0,80,279,171,10060,1070
1993/9/20,94,84,242,182,10055,1140
1993/9/21,7,81,275,174,10042,1080
1993/9/22,0,82,300,177,10026,1150
1993/9/23,0,80,302,194,10044,1080
1993/9/24,0,81,310,177,10028,1060
1993/9/25,0,72,309,182,10054,1050
1993/9/26,0,71,297,149,10033,1010
1993/9/27,3,71,265,193,10027,1010
1993/9/28,5,77,227,177,10026,762
1993/9/29,0,72,290,156,10036,634
1993/9/30,0,70,266,134,10096,567
1993/10/1,0,71,215,149,10111,572
1993/10/2,0,74,264,127,10089,718
1993/10/3,0,76,243,130,10091,902
1993/10/4,32700,80,224,168,10103,941
1993/10/5,0,76,256,127,10102,818
1993/10/6,0,77,259,133,10073,1200
1993/10/7,0,72,272,124,10054,1080
1993/10/8,32700,68,270,134,10037,926
1993/10/9,32700,68,294,158,10045,1120
1993/10/10,0,47,244,165,10090,892
1993/10/11,0,57,258,139,10076,803
1993/10/12,32700,75,217,145,10106,825
1993/10/13,87,89,175,145,10145,976
1993/10/14,67,93,159,135,10164,934
1993/10/15,0,82,185,116,10149,834
1993/10/16,23,93,156,107,10143,807
1993/10/17,0,83,216,118,10157,731
1993/10/18,0,81,237,98,10148,685
1993/10/19,0,76,263,100,10111,835
1993/10/20,0,66,280,129,10081,732
1993/10/21,0,67,238,106,10106,830
1993/10/22,0,77,224,91,10110,661
1993/10/23,0,72,246,112,10118,582
1993/10/24,0,69,206,97,10097,592
1993/10/25,23,88,175,141,10088,630
1993/10/26,1,76,226,109,10110,643
1993/10/27,3,81,156,122,10147,620
1993/10/28,2,76,172,124,10159,655
1993/10/29,32700,39,180,113,10217,606
1993/10/30,0,54,226,16,10191,522
1993/10/31,0,53,240,40,10158,552
1993/11/1,0,68,239,51,10119,557
1993/11/2,0,67,268,69,10127,504
1993/11/3,0,70,242,67,10102,640
1993/11/4,0,70,245,90,10058,631
1993/11/5,0,73,217,112,10026,660
1993/11/6,15,90,197,133,10051,690
1993/11/7,57,86,141,81,10136,645
1993/11/8,145,93,100,57,10146,752
1993/11/9,25,94,87,51,10131,636
1993/11/10,87,94,96,71,10125,678
1993/11/11,65,84,194,88,10109,630
1993/11/12,0,87,190,58,10066,579
1993/11/13,0,86,190,115,10041,625
1993/11/14,5,94,141,108,10038,556
1993/11/15,32700,91,159,124,10038,647
1993/11/16,13,91,150,95,10082,691
1993/11/17,30,82,102,23,10189,688
1993/11/18,70,94,27,-27,10245,760
1993/11/19,110,90,-1,-33,10206,758
1993/11/20,10,75,54,-8,10234,725
1993/11/21,0,65,66,-20,10242,617
1993/11/22,0,85,73,-15,10165,523
1993/11/23,0,70,62,7,10269,637
1993/11/24,0,74,70,-29,10185,612
1993/11/25,0,81,131,-2,10152,564
1993/11/26,0,82,138,-20,10146,500
1993/11/27,0,80,157,-2,10171,490
1993/11/28,0,70,100,15,10189,490
1993/11/29,32700,82,77,10,10150,580
1993/11/30,1,80,117,-1,10136,531
1993/12/1,0,86,100,53,10085,587
1993/12/2,23,86,90,54,10110,676
1993/12/3,11,72,96,26,10203,564
1993/12/4,0,73,99,-5,10199,553
1993/12/5,0,73,127,10,10206,602
1993/12/6,0,73,107,6,10187,602
1993/12/7,0,84,129,-4,10154,500
1993/12/8,0,82,112,27,10118,556
1993/12/9,0,74,125,50,10139,608
1993/12/10,0,65,145,12,10136,505
1993/12/11,0,76,94,19,10090,509
1993/12/12,0,80,93,54,10135,549
1993/12/13,0,51,72,44,10220,564
1993/12/14,0,56,55,23,10290,562
1993/12/15,0,58,39,-10,10287,565
1993/12/16,0,52,107,16,10279,560
1993/12/17,0,62,69,-38,10303,583
1993/12/18,0,64,120,-13,10212,594
1993/12/19,0,71,148,-27,10113,562
1993/12/20,0,64,112,4,10198,535
1993/12/21,0,44,67,-25,10285,567
1993/12/22,0,62,98,-43,10238,429
1993/12/23,0,64,102,-33,10188,463
1993/12/24,0,65,170,-18,10156,520
1993/12/25,0,57,205,-7,10120,488
1993/12/26,0,53,156,10,10188,534
1993/12/27,0,52,120,-11,10176,695
1993/12/28,0,66,119,-15,10145,555
1993/12/29,0,68,104,-17,10106,490
1993/12/30,0,49,147,7,10157,503
1993/12/31,0,46,90,-8,10214,479
1994/1/1,0,67,111,-26,10120,591
1994/1/2,0,72,72,-17,10072,870
1994/1/3,0,74,135,-15,10113,724
1994/1/4,0,60,73,10,10110,743
1994/1/5,0,58,146,19,10112,775
1994/1/6,0,64,90,2,10171,705
1994/1/7,0,62,78,12,10159,848
1994/1/8,0,71,155,-21,10079,710
1994/1/9,32700,86,114,-8,10051,715
1994/1/10,0,71,107,-10,10116,736
1994/1/11,32700,76,56,-11,10140,728
1994/1/12,12,78,118,24,10140,762
1994/1/13,0,67,125,-9,10145,758
1994/1/14,0,67,121,-17,10094,713
1994/1/15,0,78,90,-6,10027,728
1994/1/16,0,66,109,53,10055,843
1994/1/17,77,77,105,-10,10191,829
1994/1/18,81,86,34,-70,10243,803
1994/1/19,0,81,16,-45,10226,799
1994/1/20,0,62,77,-14,10209,801
1994/1/21,0,50,88,-31,10171,955
1994/1/22,0,55,122,-11,10158,792
1994/1/23,0,66,101,-20,10167,924
1994/1/24,0,69,125,-19,10129,886
1994/1/25,0,74,140,-23,10061,817
1994/1/26,0,55,81,18,10201,1120
1994/1/27,0,56,77,-15,10163,896
1994/1/28,0,66,115,-33,10161,1040
1994/1/29,0,45,74,7,10181,1100
1994/1/30,32700,50,58,30,10136,1040
1994/1/31,0,73,59,9,10122,897
1994/2/1,0,76,90,-15,10192,840
1994/2/2,0,75,109,-32,10185,781
1994/2/3,38,87,59,4,10118,961
1994/2/4,3,83,112,-13,10107,1080
1994/2/5,0,80,106,52,10074,1110
1994/2/6,0,69,134,65,10099,796
1994/2/7,0,83,87,5,10075,758
1994/2/8,0,54,172,7,10066,715
1994/2/9,0,36,133,26,10106,673
1994/2/10,4,62,100,22,10016,829
1994/2/11,3,70,73,7,10084,720
1994/2/12,3,80,36,2,10166,713
1994/2/13,32,88,18,4,10147,724
1994/2/14,32700,82,62,-1,10138,712
1994/2/15,0,80,120,-10,10128,747
1994/2/16,0,82,108,-1,10138,723
1994/2/17,0,71,116,-9,10127,728
1994/2/18,0,69,98,-2,10103,807
1994/2/19,0,78,100,-10,10091,836
1994/2/20,0,55,186,26,10088,826
1994/2/21,0,60,179,39,10023,857
1994/2/22,32700,63,130,55,9999,893
1994/2/23,109,71,103,-15,10152,865
1994/2/24,13,82,19,-25,10236,713
1994/2/25,0,71,51,-16,10225,777
1994/2/26,0,64,60,16,10204,740
1994/2/27,0,66,110,21,10192,675
1994/2/28,0,54,95,45,10225,828
1994/3/1,0,59,125,20,10207,871
1994/3/2,0,68,151,22,10145,719
1994/3/3,0,67,195,6,10088,764
1994/3/4,0,68,205,23,10055,813
1994/3/5,0,67,200,38,10044,881
1994/3/6,34,83,164,96,10031,887
1994/3/7,0,88,119,89,10065,801
1994/3/8,137,85,105,50,10134,882
1994/3/9,226,92,52,1,10203,898
1994/3/10,2,88,70,7,10126,941
1994/3/11,8,90,63,46,10065,928
1994/3/12,2,84,64,30,10148,923
1994/3/13,4,77,97,6,10233,901
1994/3/14,0,55,117,30,10192,858
1994/3/15,0,85,74,6,10154,933
1994/3/16,0,81,135,-2,10150,975
1994/3/17,0,69,173,42,10141,940
1994/3/18,0,69,213,47,10071,989
1994/3/19,0,74,208,64,10067,800
1994/3/20,3,80,164,92,10081,692
1994/3/21,31,88,154,87,10098,859
1994/3/22,32700,64,191,64,10147,901
1994/3/23,0,47,213,32,10149,951
1994/3/24,0,55,230,49,10097,960
1994/3/25,0,52,154,80,10132,939
1994/3/26,0,40,130,31,10254,893
1994/3/27,1,59,97,59,10168,889
1994/3/28,0,62,220,35,10119,847
1994/3/29,0,67,198,85,10143,930
1994/3/30,0,65,203,77,10127,947
1994/3/31,0,69,213,67,10078,934
1994/4/1,0,69,282,95,10048,951
1994/4/2,0,76,230,114,10033,1070
1994/4/3,0,71,253,132,10005,1170
1994/4/4,0,77,232,120,10019,1080
1994/4/5,1,83,222,157,10006,1120
1994/4/6,0,79,245,113,9986,1030
1994/4/7,32700,77,217,156,9998,1060
1994/4/8,95,69,192,53,10084,1130
1994/4/9,47,84,73,49,10129,982
1994/4/10,84,80,126,49,10083,643
1994/4/11,173,86,157,83,10039,750
1994/4/12,0,50,205,131,10102,712
1994/4/13,0,59,215,109,10139,729
1994/4/14,0,63,225,109,10109,846
1994/4/15,0,73,239,86,10068,784
1994/4/16,32700,75,240,124,10049,790
1994/4/17,49,91,194,153,10021,661
1994/4/18,170,96,156,140,10013,610
1994/4/19,271,92,171,148,9973,464
1994/4/20,1,82,182,133,10049,521
1994/4/21,2,76,208,125,10053,664
1994/4/22,8,79,240,133,10024,653
1994/4/23,0,78,245,118,10027,664
1994/4/24,56,89,212,158,10010,664
1994/4/25,16,86,198,156,10018,592
1994/4/26,32700,79,225,148,10025,693
1994/4/27,0,67,292,160,10023,698
1994/4/28,16,75,286,150,9992,672
1994/4/29,0,74,307,146,9941,776
1994/4/30,0,77,324,176,9919,723
1994/5/1,0,75,320,193,9912,618
1994/5/2,13,71,295,215,9938,658
1994/5/3,8,49,245,135,10045,766
1994/5/4,0,41,260,113,10051,934
1994/5/5,0,43,269,97,10042,1210
1994/5/6,0,41,301,126,10013,1160
1994/5/7,0,55,328,150,9994,1020
1994/5/8,0,63,315,159,9984,1230
1994/5/9,25,75,267,187,9946,1260
1994/5/10,32700,58,339,171,9936,1250
1994/5/11,0,63,318,165,9964,1380
1994/5/12,32700,61,319,205,9929,1410
1994/5/13,3,71,275,218,9947,1460
1994/5/14,0,52,359,193,9953,1150
1994/5/15,32700,62,300,209,9954,1370
1994/5/16,5,66,270,215,9975,1470
1994/5/17,0,57,272,153,10061,1330
1994/5/18,0,59,315,136,10030,1450
1994/5/19,32700,61,313,178,10014,1350
1994/5/20,23,79,256,205,10038,1500
1994/5/21,1,54,300,182,10048,1390
1994/5/22,32700,57,305,195,9984,1510
1994/5/23,1,73,322,205,9940,1550
1994/5/24,0,68,349,217,9948,1350
1994/5/25,0,64,315,231,9978,1310
1994/5/26,2,59,286,216,10015,1230
1994/5/27,0,41,337,192,9995,1240
1994/5/28,0,53,370,193,9940,1270
1994/5/29,0,58,359,180,9938,1370
1994/5/30,0,47,334,240,9970,1290
1994/5/31,0,49,369,209,9949,1170
1994/6/1,0,55,351,226,9968,1240
1994/6/2,0,53,361,209,9964,1340
1994/6/3,32700,57,326,207,9936,1280
1994/6/4,15,72,292,219,9967,1230
1994/6/5,16,91,235,203,10006,715
1994/6/6,268,95,208,188,10013,655
1994/6/7,730,96,195,161,10003,689
1994/6/8,125,95,219,175,10003,567
1994/6/9,1,86,258,186,9996,576
1994/6/10,0,79,287,197,9971,603
1994/6/11,32700,85,271,198,9949,714
1994/6/12,32700,76,327,220,9919,617
1994/6/13,0,78,289,226,9958,612
1994/6/14,0,68,320,229,9961,674
1994/6/15,32700,74,305,224,9950,751
1994/6/16,38,80,255,205,9963,706
1994/6/17,0,65,318,207,9955,701
1994/6/18,0,65,327,203,9971,717
1994/6/19,0,65,318,209,9985,660
1994/6/20,0,67,289,212,9990,741
1994/6/21,0,73,302,227,9963,756
1994/6/22,0,77,323,224,9942,760
1994/6/23,0,80,317,223,9942,856
1994/6/24,32700,84,322,246,9897,829
1994/6/25,193,81,308,203,9910,659
1994/6/26,0,84,321,219,9892,662
1994/6/27,0,82,327,239,9920,791
1994/6/28,32700,84,345,262,9922,899
1994/6/29,0,72,361,255,9886,965
1994/6/30,32700,76,323,249,9903,924
1994/7/1,88,79,321,225,9939,983
1994/7/2,46,80,360,238,9951,1120
1994/7/3,0,75,317,265,9918,1010
1994/7/4,32700,79,329,255,9925,956
1994/7/5,121,81,337,248,9925,1010
1994/7/6,32700,79,333,247,9924,949
1994/7/7,0,71,345,256,9924,1030
1994/7/8,32700,72,349,266,9912,1040
1994/7/9,14,80,350,252,9923,1060
1994/7/10,32700,75,360,244,9910,1310
1994/7/11,0,71,363,257,9903,1540
1994/7/12,83,87,312,246,9864,923
1994/7/13,0,83,345,237,9885,965
1994/7/14,0,75,345,236,9933,1050
1994/7/15,32700,82,343,257,9957,1230
1994/7/16,808,87,300,225,9964,1150
1994/7/17,211,90,280,224,9959,1180
1994/7/18,0,85,312,234,9954,1460
1994/7/19,32700,86,316,238,9947,1510
1994/7/20,0,84,330,247,9936,1610
1994/7/21,32700,84,340,256,9921,1600
1994/7/22,32700,83,343,246,9921,1560
1994/7/23,52,86,326,259,9925,1670
1994/7/24,0,80,353,247,9922,1640
1994/7/25,0,76,356,259,9919,1800
1994/7/26,0,77,353,260,9922,1850
1994/7/27,0,77,361,258,9919,1980
1994/7/28,0,73,367,252,9903,1870
1994/7/29,1,76,343,261,9924,1330
1994/7/30,19,74,334,242,9938,1260
1994/7/31,32700,77,341,252,9934,1540
1994/8/1,0,83,352,253,9926,1760
1994/8/2,0,80,365,277,9923,1770
1994/8/3,0,75,380,260,9915,1660
1994/8/4,0,80,372,273,9898,1800
1994/8/5,0,74,366,278,9889,1880
1994/8/6,226,85,331,239,9914,1490
1994/8/7,618,94,291,227,9954,1230
1994/8/8,94,89,284,222,9960,1280
1994/8/9,0,85,316,236,9934,1550
1994/8/10,0,85,334,241,9922,1550
1994/8/11,0,84,350,266,9920,1640
1994/8/12,0,85,350,267,9925,1650
1994/8/13,0,77,366,271,9934,1930
1994/8/14,0,62,352,261,9942,1640
1994/8/15,0,73,337,246,9959,1640
1994/8/16,0,76,331,227,9982,1480
1994/8/17,0,76,332,223,10009,1180
1994/8/18,0,72,327,247,10008,1170
1994/8/19,0,68,326,243,10012,1130
1994/8/20,0,72,334,245,10018,1380
1994/8/21,0,74,330,237,10020,1520
1994/8/22,0,70,322,230,10009,1320
1994/8/23,7,76,274,243,9987,1320
1994/8/24,1,73,340,226,9970,1550
1994/8/25,32700,83,320,245,9971,1520
1994/8/26,580,88,286,227,9986,1410
1994/8/27,2,87,267,226,10009,930
1994/8/28,50,88,263,220,10022,805
1994/8/29,55,92,252,211,10016,906
1994/8/30,3,91,295,229,10012,841
1994/8/31,71,88,310,231,10008,890
1994/9/1,0,84,335,235,10002,981
1994/9/2,0,79,339,244,10006,1020
1994/9/3,32700,81,329,240,9985,966
1994/9/4,4,72,333,241,9966,789
1994/9/5,32700,59,320,226,9998,799
1994/9/6,0,70,314,188,9994,762
1994/9/7,0,76,311,186,9996,873
1994/9/8,32700,80,305,208,10013,853
1994/9/9,1,74,320,235,10003,812
1994/9/10,31,79,248,167,10056,695
1994/9/11,3,74,227,164,10095,714
1994/9/12,12,68,273,158,10112,819
1994/9/13,9,84,224,170,10104,850
1994/9/14,23,88,186,149,10103,770
1994/9/15,231,96,170,146,10097,531
1994/9/16,130,97,167,145,10097,477
1994/9/17,19,78,274,155,10043,457
1994/9/18,0,80,284,149,9985,411
1994/9/19,0,82,297,157,9969,439
1994/9/20,4,79,242,190,10009,416
1994/9/21,1,79,258,184,10041,545
1994/9/22,0,70,269,176,10065,501
1994/9/23,0,68,280,178,10070,619
1994/9/24,32700,71,245,183,10078,564
1994/9/25,8,77,226,174,10062,568
1994/9/26,0,66,283,159,10056,728
1994/9/27,0,63,298,161,10064,546
1994/9/28,0,60,307,188,10057,534
1994/9/29,0,61,296,150,10057,656
1994/9/30,0,71,280,137,10057,523
1994/10/1,0,65,289,196,10050,441
1994/10/2,0,71,267,163,10040,464
1994/10/3,0,81,249,171,10051,546
1994/10/4,0,53,236,156,10099,670
1994/10/5,0,71,276,114,10071,572
1994/10/6,0,68,277,147,10067,512
1994/10/7,0,62,232,158,10082,520
1994/10/8,32700,71,244,174,10085,495
1994/10/9,70,89,199,161,10111,512
1994/10/10,9,91,184,151,10105,475
1994/10/11,11,89,192,157,10069,492
1994/10/12,0,81,256,114,10035,510
1994/10/13,0,78,258,168,10031,485
1994/10/14,32700,84,254,187,10006,503
1994/10/15,90,92,226,150,10021,471
1994/10/16,115,89,156,104,10118,417
1994/10/17,123,88,129,98,10190,394
1994/10/18,56,89,128,91,10183,399
1994/10/19,1,73,210,104,10188,423
1994/10/20,0,46,187,112,10218,380
1994/10/21,0,66,198,47,10199,398
1994/10/22,0,73,215,50,10172,439
1994/10/23,0,77,225,40,10161,410
1994/10/24,0,76,222,58,10148,392
1994/10/25,0,77,221,67,10114,409
1994/10/26,0,76,225,60,10095,392
1994/10/27,0,75,220,55,10090,417
1994/10/28,32700,60,173,116,10150,429
1994/10/29,0,76,187,35,10142,459
1994/10/30,0,67,221,45,10149,541
1994/10/31,0,70,220,66,10157,523
1994/11/1,0,75,206,48,10149,529
1994/11/2,0,61,253,95,10138,499
1994/11/3,0,69,231,76,10159,584
1994/11/4,32700,58,227,135,10132,540
1994/11/5,0,74,255,72,10103,543
1994/11/6,0,65,271,98,10109,575
1994/11/7,0,67,252,82,10119,586
1994/11/8,0,76,234,80,10082,569
1994/11/9,0,77,261,129,10094,539
1994/11/10,0,68,207,115,10117,508
1994/11/11,0,79,234,86,10053,571
1994/11/12,4,83,175,130,10096,547
1994/11/13,29,92,140,61,10171,512
1994/11/14,109,95,66,25,10235,561
1994/11/15,140,94,31,15,10259,535
1994/11/16,26,92,53,20,10232,613
1994/11/17,32700,86,158,36,10164,567
1994/11/18,0,89,168,30,10138,548
1994/11/19,3,95,114,60,10150,530
1994/11/20,1,93,96,78,10164,522
1994/11/21,0,89,117,78,10179,524
1994/11/22,2,90,103,80,10189,512
1994/11/23,0,89,129,84,10157,522
1994/11/24,0,89,140,78,10128,576
1994/11/25,22,96,120,78,10123,546
1994/11/26,1,91,140,76,10097,504
1994/11/27,51,97,111,97,10056,485
1994/11/28,40,91,129,105,10098,458
1994/11/29,1,83,132,76,10115,523
1994/11/30,39,86,176,97,10099,556
1994/12/1,0,86,163,90,10129,461
1994/12/2,32700,72,135,59,10185,433
1994/12/3,0,73,90,39,10196,465
1994/12/4,0,87,146,2,10166,437
1994/12/5,0,94,104,57,10147,496
1994/12/6,0,93,97,71,10079,468
1994/12/7,2,97,100,77,10067,663
1994/12/8,47,92,144,91,10045,595
1994/12/9,1,82,118,79,10100,523
1994/12/10,40,95,85,59,10088,566
1994/12/11,38,95,89,47,10117,489
1994/12/12,73,92,74,45,10187,573
1994/12/13,2,81,114,6,10174,593
1994/12/14,0,91,94,17,10167,544
1994/12/15,0,81,90,-1,10195,549
1994/12/16,26,88,64,5,10249,576
1994/12/17,3,83,74,9,10254,539
1994/12/18,32700,85,70,-3,10272,547
1994/12/19,18,88,44,14,10283,599
1994/12/20,0,71,97,-16,10295,601
1994/12/21,0,80,100,-29,10242,640
1994/12/22,0,83,115,-12,10144,599
1994/12/23,0,88,137,2,10094,645
1994/12/24,0,86,128,2,10140,715
1994/12/25,32700,67,46,16,10197,660
1994/12/26,32700,83,58,10,10174,726
1994/12/27,32700,85,100,41,10180,732
1994/12/28,16,87,69,43,10199,666
1994/12/29,29,91,54,27,10157,747
1994/12/30,58,91,66,21,10177,736
1994/12/31,8,68,55,9,10271,1020
1995/1/1,3,77,24,-17,10260,891
1995/1/2,0,82,54,-15,10195,863
1995/1/3,0,73,110,-30,10154,826
1995/1/4,0,67,120,-25,10175,781
1995/1/5,0,72,155,-35,10158,761
1995/1/6,0,95,94,-16,10153,919
1995/1/7,0,94,80,10,10117,972
1995/1/8,0,87,154,1,10106,946
1995/1/9,0,67,75,-12,10151,870
1995/1/10,48,75,49,-7,10185,820
1995/1/11,10,88,64,-2,10177,1080
1995/1/12,0,74,110,-20,10168,978
1995/1/13,0,65,87,-21,10185,930
1995/1/14,0,65,40,6,10195,982
1995/1/15,0,67,99,0,10174,915
1995/1/16,0,83,121,-30,10169,1100
1995/1/17,0,80,58,2,10181,806
1995/1/18,0,79,65,27,10168,1030
1995/1/19,0,63,71,0,10169,1050
1995/1/20,0,81,42,-20,10080,1010
1995/1/21,32700,88,53,24,10087,1060
1995/1/22,0,81,96,-9,10131,1050
1995/1/23,0,67,120,-24,10186,973
1995/1/24,0,71,118,-11,10166,1010
1995/1/25,0,71,120,-22,10175,814
1995/1/26,0,40,95,16,10238,777
1995/1/27,0,67,59,-45,10223,773
1995/1/28,0,74,116,-43,10207,670
1995/1/29,0,76,74,-14,10203,717
1995/1/30,0,76,112,-36,10218,700
1995/1/31,0,63,100,-28,10254,768
1995/2/1,0,52,64,-5,10288,723
1995/2/2,0,58,72,-41,10238,681
1995/2/3,32700,60,65,8,10242,693
1995/2/4,0,64,96,-43,10258,680
1995/2/5,0,58,110,-53,10222,743
1995/2/6,0,72,132,-44,10181,870
1995/2/7,0,74,126,6,10101,929
1995/2/8,0,73,165,-8,10064,971
1995/2/9,0,76,146,-1,10134,815
1995/2/10,2,67,96,57,10152,845
1995/2/11,15,86,102,56,10105,721
1995/2/12,0,89,99,61,10105,755
1995/2/13,0,83,144,14,10112,839
1995/2/14,0,81,134,27,10108,727
1995/2/15,0,78,167,43,10085,946
1995/2/16,0,54,127,56,10135,792
1995/2/17,37,77,111,55,10096,821
1995/2/18,12,85,143,38,10086,699
1995/2/19,0,78,116,19,10132,671
1995/2/20,5,79,78,49,10176,713
1995/2/21,32700,64,83,33,10178,650
1995/2/22,0,74,97,-10,10156,772
1995/2/23,0,73,127,45,10139,879
1995/2/24,2,81,124,10,10118,1030
1995/2/25,0,47,155,63,10121,766
1995/2/26,0,52,177,21,10075,693
1995/2/27,0,50,189,17,10065,617
1995/2/28,0,41,151,-6,10082,752
1995/3/1,0,57,169,25,10039,741
1995/3/2,32700,53,159,83,10090,778
1995/3/3,0,51,173,1,10137,694
1995/3/4,0,44,173,-5,10148,774
1995/3/5,0,54,173,4,10088,798
1995/3/6,0,58,210,19,10056,778
1995/3/7,0,70,179,52,10057,770
1995/3/8,69,90,143,95,10041,759
1995/3/9,8,40,143,91,10094,759
1995/3/10,0,69,164,-7,10072,765
1995/3/11,0,39,187,88,10086,688
1995/3/12,0,50,155,59,10098,749
1995/3/13,0,63,164,54,10089,778
1995/3/14,0,67,162,28,10080,738
1995/3/15,0,68,190,72,10042,687
1995/3/16,29,82,140,53,10101,581
1995/3/17,0,51,99,30,10217,543
1995/3/18,0,59,193,12,10164,538
1995/3/19,0,67,214,26,10105,571
1995/3/20,0,68,240,61,10045,618
1995/3/21,0,64,266,69,10028,607
1995/3/22,32700,70,240,97,9996,667
1995/3/23,32700,65,209,100,10037,689
1995/3/24,203,88,105,45,10117,720
1995/3/25,0,69,173,43,10171,685
1995/3/26,0,76,185,21,10054,564
1995/3/27,0,80,179,44,10024,575
1995/3/28,11,79,137,75,10060,591
1995/3/29,55,90,90,63,10044,558
1995/3/30,2,89,194,58,10046,603
1995/3/31,0,77,159,66,10093,626
1995/4/1,0,75,157,42,10073,624
1995/4/2,0,66,132,66,10163,569
1995/4/3,0,69,139,21,10150,611
1995/4/4,32700,74,174,75,10063,592
1995/4/5,0,81,205,68,10060,605
1995/4/6,0,69,240,79,10067,574
1995/4/7,0,61,226,99,10007,639
1995/4/8,0,68,277,91,9969,630
1995/4/9,32700,55,197,136,10069,628
1995/4/10,32700,60,244,82,10047,616
1995/4/11,27,58,215,134,10088,593
1995/4/12,4,70,246,83,9999,562
1995/4/13,85,92,198,133,9939,605
1995/4/14,10,82,255,136,9974,561
1995/4/15,29,83,240,149,10003,554
1995/4/16,1,85,193,146,10042,516
1995/4/17,32700,82,181,115,10037,632
1995/4/18,12,68,232,135,10064,603
1995/4/19,32700,61,222,116,10068,597
1995/4/20,32700,82,216,126,9963,598
1995/4/21,32700,77,272,141,9931,629
1995/4/22,255,82,221,130,9995,555
1995/4/23,2,76,147,82,10070,539
1995/4/24,0,79,206,93,10046,537
1995/4/25,0,75,216,121,10065,532
1995/4/26,0,68,206,109,10058,533
1995/4/27,0,72,238,100,10055,539
1995/4/28,0,86,200,126,10027,514
1995/4/29,32700,70,286,130,10011,508
1995/4/30,0,68,291,146,9981,507
1995/5/1,32700,85,235,153,9982,508
1995/5/2,2,60,247,149,10036,508
1995/5/3,0,70,219,140,10079,507
1995/5/4,32700,56,273,140,10081,507
1995/5/5,0,61,298,108,10021,515
1995/5/6,0,60,350,143,9986,513
1995/5/7,0,67,329,159,10000,516
1995/5/8,0,64,340,176,9940,546
1995/5/9,2,64,292,179,9964,513
1995/5/10,0,55,249,142,10050,550
1995/5/11,32700,57,288,146,9957,518
1995/5/12,1,74,287,194,9944,548
1995/5/13,2,54,308,199,9972,531
1995/5/14,0,64,266,176,10016,468
1995/5/15,0,64,306,169,9991,479
1995/5/16,0,61,311,162,9957,482
1995/5/17,0,55,317,174,9933,526
1995/5/18,221,81,261,175,9910,550
1995/5/19,58,90,213,188,9951,522
1995/5/20,60,83,194,159,10026,504
1995/5/21,27,71,269,132,10024,502
1995/5/22,0,76,289,139,9966,541
1995/5/23,0,72,289,168,9958,529
1995/5/24,0,70,327,207,9931,529
1995/5/25,32700,74,328,227,9953,544
1995/5/26,3,61,342,226,9986,507
1995/5/27,0,64,327,228,9971,512
1995/5/28,2,70,327,201,9972,489
1995/5/29,0,73,349,199,9960,514
1995/5/30,57,88,303,229,9967,505
1995/5/31,0,79,308,208,9969,522
1995/6/1,30,85,302,241,9973,571
1995/6/2,32700,81,342,233,9938,519
1995/6/3,32700,71,349,217,9936,534
1995/6/4,3,69,321,217,9977,563
1995/6/5,0,63,335,199,9975,581
1995/6/6,16,76,279,209,9956,590
1995/6/7,32700,70,323,199,9953,552
1995/6/8,32700,65,337,196,9936,547
1995/6/9,0,66,336,226,9921,573
1995/6/10,0,64,313,213,9949,542
1995/6/11,0,68,294,182,9992,531
1995/6/12,0,64,312,171,9999,577
1995/6/13,0,68,324,175,9979,575
1995/6/14,32700,72,272,224,9966,578
1995/6/15,0,61,333,202,9951,496
1995/6/16,32700,65,300,223,9923,476
1995/6/17,0,47,355,202,9908,529
1995/6/18,0,58,354,196,9910,550
1995/6/19,0,72,331,224,9901,514
1995/6/20,259,93,268,219,9901,604
1995/6/21,2,80,284,218,9919,560
1995/6/22,37,75,316,222,9912,541
1995/6/23,32700,76,334,213,9897,568
1995/6/24,5,77,336,241,9869,571
1995/6/25,0,75,331,261,9897,552
1995/6/26,0,69,344,230,9914,573
1995/6/27,0,78,336,225,9910,582
1995/6/28,0,75,350,236,9910,573
1995/6/29,32700,75,306,242,9907,600
1995/6/30,0,70,338,210,9918,636
1995/7/1,0,78,332,235,9900,565
1995/7/2,40,71,343,222,9928,587
1995/7/3,0,73,329,233,9947,565
1995/7/4,0,66,342,235,9936,545
1995/7/5,0,67,336,218,9930,582
1995/7/6,32700,76,314,235,9933,713
1995/7/7,315,92,277,198,9943,568
1995/7/8,17,88,285,199,9949,523
1995/7/9,0,87,308,214,9920,536
1995/7/10,18,84,336,250,9871,546
1995/7/11,0,81,344,235,9854,558
1995/7/12,24,82,339,259,9890,589
1995/7/13,0,76,361,269,9898,571
1995/7/14,0,74,370,274,9887,586
1995/7/15,105,77,374,261,9877,618
1995/7/16,3,83,343,257,9902,594
1995/7/17,32700,81,346,266,9916,581
1995/7/18,176,79,371,244,9906,566
1995/7/19,15,86,305,239,9930,568
1995/7/20,2,86,315,242,9922,567
1995/7/21,0,85,322,257,9914,572
1995/7/22,0,86,344,268,9916,584
1995/7/23,400,85,335,227,9928,591
1995/7/24,12,93,287,237,9942,553
1995/7/25,16,85,316,245,9911,581
1995/7/26,0,86,287,231,9949,558
1995/7/27,13,84,344,247,9957,544
1995/7/28,0,78,344,257,9940,549
1995/7/29,0,79,354,255,9910,564
1995/7/30,0,76,379,276,9902,569
1995/7/31,0,75,358,257,9925,559
1995/8/1,7,83,353,289,9915,551
1995/8/2,34,78,348,266,9905,560
1995/8/3,119,81,350,256,9912,557
1995/8/4,699,92,284,248,9948,728
1995/8/5,32700,86,321,246,9944,536
1995/8/6,30,85,335,248,9915,567
1995/8/7,361,90,306,237,9930,572
1995/8/8,0,85,325,255,9928,563
1995/8/9,271,93,308,246,9950,560
1995/8/10,5,86,331,246,9962,553
1995/8/11,7,88,308,245,9960,545
1995/8/12,53,84,286,240,9952,541
1995/8/13,9,87,260,224,9960,537
1995/8/14,7,83,283,219,9982,518
1995/8/15,0,85,279,231,9998,514
1995/8/16,32700,86,291,228,9989,552
1995/8/17,2,86,280,247,9971,489
1995/8/18,0,79,329,222,9961,501
1995/8/19,0,79,333,234,9972,532
1995/8/20,0,83,326,245,9984,454
1995/8/21,41,92,269,239,9976,472
1995/8/22,15,84,304,222,9957,516
1995/8/23,0,82,323,222,9968,518
1995/8/24,0,80,327,230,9994,549
1995/8/25,50,80,318,243,9996,609
1995/8/26,0,77,317,227,9986,568
1995/8/27,0,79,328,216,9977,610
1995/8/28,0,78,330,219,9969,645
1995/8/29,32700,78,337,253,9944,588
1995/8/30,32700,85,309,248,9951,606
1995/8/31,32700,83,350,251,9955,644
1995/9/1,0,78,364,261,9950,537
1995/9/2,0,72,371,264,9943,619
1995/9/3,0,74,380,261,9922,714
1995/9/4,5,84,324,218,9945,625
1995/9/5,11,91,256,209,9932,833
1995/9/6,0,81,348,237,9901,898
1995/9/7,0,80,309,233,9968,978
1995/9/8,1,82,237,173,10047,759
1995/9/9,20,93,225,193,10047,635
1995/9/10,47,85,239,182,10073,564
1995/9/11,112,88,213,153,10123,602
1995/9/12,62,89,183,148,10090,639
1995/9/13,20,85,295,149,10049,705
1995/9/14,3,83,245,208,10066,710
1995/9/15,0,82,247,196,10056,584
1995/9/16,32700,78,288,196,10072,603
1995/9/17,0,71,286,166,10078,585
1995/9/18,0,74,282,186,10065,616
1995/9/19,3,63,279,179,10061,531
1995/9/20,0,72,271,182,10057,615
1995/9/21,0,73,293,154,10050,834
1995/9/22,0,74,305,161,10026,907
1995/9/23,0,65,319,154,10019,915
1995/9/24,69,50,272,142,10075,949
1995/9/25,12,78,245,134,10056,715
1995/9/26,0,59,242,180,10080,713
1995/9/27,32700,60,201,154,10092,860
1995/9/28,0,68,278,124,10051,926
1995/9/29,0,78,287,144,10045,946
1995/9/30,0,74,306,198,10043,755
1995/10/1,3,76,299,205,10031,767
1995/10/2,288,92,247,151,10084,677
1995/10/3,104,78,212,145,10117,696
1995/10/4,2,79,223,157,10087,666
1995/10/5,32700,76,222,148,10125,705
1995/10/6,7,77,186,138,10159,777
1995/10/7,3,84,167,110,10136,775
1995/10/8,0,86,222,115,10117,758
1995/10/9,0,86,239,134,10103,831
1995/10/10,0,83,253,124,10083,812
1995/10/11,0,80,251,132,10070,729
1995/10/12,32700,83,231,124,10051,670
1995/10/13,61,90,226,173,10023,734
1995/10/14,2,75,289,146,10021,710
1995/10/15,0,79,263,125,10049,734
1995/10/16,0,83,250,156,10066,807
1995/10/17,175,93,201,162,10076,728
1995/10/18,9,90,174,149,10118,592
1995/10/19,272,94,160,131,10108,557
1995/10/20,95,95,139,118,10104,552
1995/10/21,12,91,155,122,10110,521
1995/10/22,22,88,176,133,10109,568
1995/10/23,157,88,172,132,10136,550
1995/10/24,0,66,216,100,10173,574
1995/10/25,0,77,223,114,10149,532
1995/10/26,0,83,190,126,10120,528
1995/10/27,0,79,235,134,10110,538
1995/10/28,0,84,222,100,10079,559
1995/10/29,0,78,246,116,10077,513
1995/10/30,57,78,174,136,10090,513
1995/10/31,0,71,202,92,10115,515
1995/11/1,0,62,142,75,10151,600
1995/11/2,0,75,157,92,10149,618
1995/11/3,0,86,167,105,10118,637
1995/11/4,0,82,234,86,10108,738
1995/11/5,0,79,249,79,10100,753
1995/11/6,0,79,247,81,10070,868
1995/11/7,0,45,186,95,10181,699
1995/11/8,0,70,180,9,10138,759
1995/11/9,0,71,246,59,10102,808
1995/11/10,0,55,216,78,10127,752
1995/11/11,0,71,160,81,10081,854
1995/11/12,0,76,205,47,10061,720
1995/11/13,0,60,229,106,10106,781
1995/11/14,0,64,216,35,10161,847
1995/11/15,0,72,198,26,10113,734
1995/11/16,0,76,197,47,10090,808
1995/11/17,0,70,192,47,10129,741
1995/11/18,0,68,182,58,10147,638
1995/11/19,26,52,154,77,10206,636
1995/11/20,0,64,115,2,10198,745
1995/11/21,0,69,151,-6,10139,865
1995/11/22,0,59,190,33,10122,818
1995/11/23,0,36,132,38,10219,775
1995/11/24,0,51,167,-22,10137,735
1995/11/25,0,69,165,-4,10072,925
1995/11/26,0,63,143,59,10105,804
1995/11/27,0,50,113,73,10130,809
1995/11/28,0,71,131,76,10113,829
1995/11/29,15,77,114,85,10142,840
1995/11/30,23,82,108,81,10167,790
1995/12/1,32700,76,132,78,10162,792
1995/12/2,32700,86,127,72,10154,648
1995/12/3,1,71,113,46,10167,729
1995/12/4,0,81,139,5,10167,735
1995/12/5,0,74,145,-1,10199,715
1995/12/6,0,63,121,-10,10213,830
1995/12/7,0,65,109,-21,10225,802
1995/12/8,0,58,96,-9,10208,740
1995/12/9,0,74,87,-14,10148,723
1995/12/10,0,70,85,30,10130,751
1995/12/11,32700,75,115,52,10138,714
1995/12/12,0,64,94,6,10161,712
1995/12/13,15,83,82,41,10123,716
1995/12/14,1,89,83,58,10134,884
1995/12/15,24,82,86,32,10166,760
1995/12/16,39,91,40,21,10205,779
1995/12/17,0,86,65,24,10233,713
1995/12/18,0,82,108,6,10199,705
1995/12/19,0,85,116,-4,10196,779
1995/12/20,0,78,124,10,10192,823
1995/12/21,0,84,116,-15,10191,760
1995/12/22,0,70,151,1,10175,715
1995/12/23,0,61,138,3,10196,657
1995/12/24,0,52,76,21,10269,669
1995/12/25,0,41,36,-3,10307,753
1995/12/26,0,62,56,-53,10274,690
1995/12/27,0,69,107,-7,10242,683
1995/12/28,0,72,133,-37,10209,637
1995/12/29,0,76,146,-33,10173,769
1995/12/30,0,73,163,-26,10136,740
1995/12/31,0,57,163,11,10133,753
1996/1/1,0,56,141,-31,10114,828
1996/1/2,0,52,199,-10,10106,719
1996/1/3,0,45,127,22,10145,815
1996/1/4,32700,68,78,-34,10071,807
1996/1/5,0,67,135,-18,10083,794
1996/1/6,0,58,94,4,10115,833
1996/1/7,4,71,110,20,10167,781
1996/1/8,0,33,92,-9,10301,777
1996/1/9,0,53,61,-24,10186,848
1996/1/10,0,79,72,-43,10147,878
1996/1/11,37,95,22,-25,10145,837
1996/1/12,37,76,44,3,10189,866
1996/1/13,19,94,31,0,10172,902
1996/1/14,55,98,18,-6,10134,855
1996/1/15,16,91,60,-6,10171,826
1996/1/16,32700,88,29,-9,10152,883
1996/1/17,26,91,27,-1,10159,868
1996/1/18,19,90,16,-10,10205,824
1996/1/19,0,86,65,-19,10138,879
1996/1/20,1,95,22,-29,10109,784
1996/1/21,32700,88,38,4,10136,769
1996/1/22,0,84,81,-28,10137,814
1996/1/23,0,91,95,-29,10136,826
1996/1/24,0,60,45,17,10166,820
1996/1/25,0,84,59,-24,10176,819
1996/1/26,0,73,80,-8,10172,739
1996/1/27,0,77,108,-34,10161,841
1996/1/28,0,69,139,-16,10150,816
1996/1/29,0,68,152,-18,10164,821
1996/1/30,0,54,116,0,10173,816
1996/1/31,0,46,77,-12,10214,766
1996/2/1,0,66,75,-42,10236,725
1996/2/2,0,49,75,-30,10239,564
1996/2/3,0,61,87,-35,10155,534
1996/2/4,0,66,174,-27,10099,551
1996/2/5,0,48,114,11,10149,540
1996/2/6,0,54,103,0,10167,540
1996/2/7,35,86,65,3,10174,530
1996/2/8,0,81,105,-13,10187,541
1996/2/9,0,68,128,-17,10242,550
1996/2/10,0,65,104,-22,10167,540
1996/2/11,0,74,151,-15,10039,523
1996/2/12,0,70,196,10,9957,559
1996/2/13,0,73,229,38,9929,545
1996/2/14,0,61,211,57,9955,502
1996/2/15,32700,39,132,26,10099,531
1996/2/16,49,85,34,-31,10159,642
1996/2/17,22,80,-3,-35,10265,626
1996/2/18,0,62,20,-49,10305,711
1996/2/19,0,61,11,-34,10325,730
1996/2/20,32700,74,52,-19,10314,630
1996/2/21,0,65,59,2,10271,698
1996/2/22,0,67,94,-17,10219,713
1996/2/23,0,71,92,-4,10197,811
1996/2/24,0,70,74,-5,10165,788
1996/2/25,0,76,93,-25,10147,886
1996/2/26,0,62,156,31,10127,626
1996/2/27,0,46,104,14,10158,511
1996/2/28,0,60,78,-5,10113,529
1996/2/29,0,55,194,3,10105,559
1996/3/1,0,44,146,9,10162,608
1996/3/2,0,55,184,4,10091,608
1996/3/3,0,54,172,26,10117,602
1996/3/4,0,58,156,25,10099,592
1996/3/5,0,63,166,41,10065,637
1996/3/6,0,65,187,37,9995,626
1996/3/7,0,59,168,83,10050,607
1996/3/8,95,68,141,5,10170,601
1996/3/9,0,70,84,37,10199,608
1996/3/10,0,68,137,17,10132,694
1996/3/11,0,73,95,-2,10134,648
1996/3/12,0,68,169,9,10091,619
1996/3/13,0,72,135,69,10021,651
1996/3/14,80,86,119,85,10039,677
1996/3/15,1,89,137,37,9983,697
1996/3/16,1,80,150,72,9939,689
1996/3/17,32700,63,112,60,10081,679
1996/3/18,0,68,150,25,10096,694
1996/3/19,4,79,104,65,10068,715
1996/3/20,32700,80,69,47,10063,795
1996/3/21,1,80,131,37,10084,780
1996/3/22,2,86,87,56,10132,778
1996/3/23,4,71,63,25,10185,830
1996/3/24,13,83,121,16,10156,865
1996/3/25,0,78,137,32,10124,797
1996/3/26,3,86,101,43,10118,788
1996/3/27,10,85,102,61,10158,746
1996/3/28,56,90,78,57,10116,741
1996/3/29,41,88,115,48,10031,697
1996/3/30,0,85,182,13,9994,714
1996/3/31,25,81,139,66,10064,642
1996/4/1,55,78,121,50,10146,685
1996/4/2,3,72,134,62,10143,655
1996/4/3,0,77,152,29,10103,573
1996/4/4,0,74,190,43,10089,576
1996/4/5,0,72,165,84,10043,601
1996/4/6,0,74,204,80,10059,598
1996/4/7,0,52,189,127,10089,596
1996/4/8,11,71,158,112,10087,631
1996/4/9,11,83,116,96,10097,597
1996/4/10,2,77,155,70,10112,618
1996/4/11,0,68,175,77,10121,671
1996/4/12,7,78,145,98,10120,666
1996/4/13,0,83,106,84,10154,594
1996/4/14,0,80,202,40,10118,606
1996/4/15,0,63,276,108,10019,630
1996/4/16,0,74,282,113,9904,654
1996/4/17,0,58,260,169,9973,616
1996/4/18,4,58,246,133,10003,685
1996/4/19,0,48,225,108,10095,685
1996/4/20,0,56,176,74,10128,809
1996/4/21,0,52,234,95,10137,682
1996/4/22,0,60,267,56,10048,593
1996/4/23,0,61,280,94,10002,640
1996/4/24,0,68,257,130,10000,640
1996/4/25,0,55,261,131,10029,631
1996/4/26,1,79,267,136,10001,645
1996/4/27,7,91,225,191,9962,652
1996/4/28,53,87,267,188,9925,679
1996/4/29,0,81,273,186,9938,688
1996/4/30,0,78,278,160,9956,714
1996/5/1,3,74,264,174,10000,754
1996/5/2,383,80,238,118,10044,710
1996/5/3,246,91,190,116,10017,680
1996/5/4,0,86,246,115,10018,705
1996/5/5,32700,83,253,138,9981,759
1996/5/6,39,89,215,177,9989,736
1996/5/7,0,52,286,175,10003,671
1996/5/8,0,57,274,135,10020,688
1996/5/9,0,69,258,158,9987,704
1996/5/10,0,75,218,152,10017,838
1996/5/11,0,55,277,126,10074,818
1996/5/12,32700,63,262,130,10042,707
1996/5/13,14,76,223,170,10013,674
1996/5/14,61,90,189,154,10048,706
1996/5/15,27,74,239,151,10081,665
1996/5/16,32700,66,259,166,10079,728
1996/5/17,32700,68,268,156,10045,764
1996/5/18,0,73,282,165,10000,719
1996/5/19,0,68,330,161,9978,688
1996/5/20,0,61,355,150,9989,735
1996/5/21,0,59,329,155,9996,704
1996/5/22,32700,64,288,206,10002,752
1996/5/23,0,64,317,160,9971,745
1996/5/24,6,69,294,201,9969,733
1996/5/25,0,71,312,210,9975,653
1996/5/26,32700,70,340,201,9955,694
1996/5/27,142,70,308,200,9977,718
1996/5/28,0,78,291,197,9982,706
1996/5/29,32700,73,289,210,9985,680
1996/5/30,3,81,278,212,9995,659
1996/5/31,203,91,249,203,10006,608
1996/6/1,0,82,290,201,9980,618
1996/6/2,22,89,264,214,9952,703
1996/6/3,41,93,242,198,9959,716
1996/6/4,320,95,214,173,9966,726
1996/6/5,18,73,251,163,9993,704
1996/6/6,157,85,222,180,10001,608
1996/6/7,16,89,221,187,10031,751
1996/6/8,47,90,229,179,10027,664
1996/6/9,0,82,292,165,10010,715
1996/6/10,0,76,318,192,9999,833
1996/6/11,0,84,309,217,9979,872
1996/6/12,0,68,347,210,9943,867
1996/6/13,0,75,350,215,9904,905
1996/6/14,0,74,354,244,9906,960
1996/6/15,0,77,345,247,9907,904
1996/6/16,0,74,349,249,9902,1010
1996/6/17,0,72,341,254,9916,1160
1996/6/18,32700,79,322,266,9895,1480
1996/6/19,26,65,338,226,9888,1250
1996/6/20,32700,36,346,246,9891,871
1996/6/21,0,49,363,190,9902,868
1996/6/22,0,67,343,205,9909,889
1996/6/23,82,79,311,210,9934,879
1996/6/24,4,77,285,201,9963,681
1996/6/25,0,75,303,205,9955,744
1996/6/26,0,81,300,221,9945,889
1996/6/27,3,78,352,240,9922,1270
1996/6/28,343,90,305,208,9915,1070
1996/6/29,0,79,329,196,9915,821
1996/6/30,32700,81,335,235,9891,820
1996/7/1,32700,78,328,257,9890,957
1996/7/2,203,94,280,237,9921,917
1996/7/3,194,97,256,237,9924,1010
1996/7/4,11,89,292,237,9945,1330
1996/7/5,0,82,333,234,9911,1390
1996/7/6,0,85,338,252,9901,1280
1996/7/7,48,87,339,251,9929,1220
1996/7/8,667,96,256,234,9973,1290
1996/7/9,157,97,238,215,9955,1140
1996/7/10,3,85,293,206,9926,1060
1996/7/11,123,83,293,199,9935,1040
1996/7/12,0,84,299,217,9961,1090
1996/7/13,0,86,282,227,9949,1000
1996/7/14,34,93,266,236,9937,911
1996/7/15,0,83,304,215,9930,1310
1996/7/16,32700,81,318,231,9907,1420
1996/7/17,0,81,322,235,9907,1360
1996/7/18,32700,83,317,241,9934,1380
1996/7/19,0,85,318,242,9934,1500
1996/7/20,73,90,292,254,9923,1210
1996/7/21,32700,84,327,236,9935,1150
1996/7/22,32700,83,336,257,9928,1430
1996/7/23,32700,82,351,266,9916,1440
1996/7/24,0,78,367,245,9906,1480
1996/7/25,0,77,370,264,9899,1270
1996/7/26,32700,80,352,269,9906,1140
1996/7/27,0,79,345,270,9897,1270
1996/7/28,32700,81,344,279,9888,1100
1996/7/29,59,89,297,260,9913,1510
1996/7/30,3,84,340,259,9922,1440
1996/7/31,0,82,354,260,9928,1380
1996/8/1,0,75,331,260,9958,1460
1996/8/2,150,90,308,250,9914,1080
1996/8/3,525,96,274,235,9887,956
1996/8/4,760,98,255,240,9900,1180
1996/8/5,123,91,311,242,9899,1500
1996/8/6,32700,87,340,263,9882,1420
1996/8/7,0,85,333,254,9897,1530
1996/8/8,0,84,344,258,9920,1690
1996/8/9,0,83,349,270,9923,1600
1996/8/10,0,82,355,257,9920,1700
1996/8/11,552,85,316,243,9967,1780
1996/8/12,0,82,331,239,9962,1780
1996/8/13,0,79,344,240,9937,1660
1996/8/14,2,76,331,227,9941,1520
1996/8/15,32700,83,334,237,9957,1620
1996/8/16,0,78,338,236,9962,1590
1996/8/17,0,80,342,232,9968,1730
1996/8/18,0,78,331,245,9983,1540
1996/8/19,0,80,332,247,9989,1440
1996/8/20,0,80,331,241,9991,1380
1996/8/21,44,84,306,245,10001,1410
1996/8/22,33,87,320,247,9987,1680
1996/8/23,2,86,285,187,10020,1250
1996/8/24,3,88,206,174,10022,918
1996/8/25,10,94,215,188,10013,837
1996/8/26,2,89,238,205,10017,1170
1996/8/27,32700,85,231,195,10027,1160
1996/8/28,42,90,223,195,10002,1150
1996/8/29,3,83,296,189,9972,1010
1996/8/30,0,83,310,189,9987,1050
1996/8/31,0,79,310,200,10018,1050
1996/9/1,0,77,318,202,10024,846
1996/9/2,0,74,320,200,10018,805
1996/9/3,0,75,268,210,10043,834
1996/9/4,32700,79,254,201,10030,716
1996/9/5,56,91,231,196,10011,723
1996/9/6,83,91,228,195,10021,642
1996/9/7,312,97,210,188,10031,776
1996/9/8,170,97,203,189,10031,799
1996/9/9,14,88,247,192,10052,797
1996/9/10,3,85,253,202,10034,812
1996/9/11,38,87,266,210,9998,903
1996/9/12,115,86,292,211,9988,889
1996/9/13,0,83,319,192,9979,853
1996/9/14,32700,87,305,200,9975,830
1996/9/15,0,82,321,231,9978,764
1996/9/16,0,76,302,218,9987,802
1996/9/17,64,88,282,218,9941,1040
1996/9/18,247,96,219,197,9970,1020
1996/9/19,58,88,236,196,10006,901
1996/9/20,0,86,266,192,10038,905
1996/9/21,0,84,267,200,10034,1040
1996/9/22,0,81,297,181,10018,1050
1996/9/23,0,82,317,184,10033,1070
1996/9/24,0,74,308,166,10037,1140
1996/9/25,0,78,303,167,10039,1110
1996/9/26,0,75,288,196,10058,988
1996/9/27,0,65,286,184,10086,852
1996/9/28,0,79,268,166,10074,907
1996/9/29,32700,76,255,170,10054,954
1996/9/30,0,76,273,175,10056,693
1996/10/1,45,84,232,187,10066,651
1996/10/2,0,85,289,154,10030,699
1996/10/3,0,88,233,185,10035,778
1996/10/4,0,84,238,187,10028,806
1996/10/5,197,89,217,127,10034,789
1996/10/6,107,81,146,115,10102,726
1996/10/7,23,78,172,121,10134,764
1996/10/8,1,81,212,116,10119,739
1996/10/9,0,83,209,122,10110,808
1996/10/10,0,81,218,146,10094,831
1996/10/11,0,84,232,162,10095,827
1996/10/12,0,82,237,123,10112,819
1996/10/13,0,83,267,138,10087,773
1996/10/14,0,76,257,140,10081,775
1996/10/15,0,74,267,144,10065,881
1996/10/16,20,77,206,151,10066,796
1996/10/17,18,83,230,150,10061,951
1996/10/18,0,77,262,116,10074,777
1996/10/19,0,80,246,128,10092,976
1996/10/20,0,63,255,133,10095,764
1996/10/21,0,71,231,105,10083,895
1996/10/22,0,76,226,98,10088,864
1996/10/23,0,71,223,124,10124,877
1996/10/24,34,87,179,138,10146,738
1996/10/25,50,80,193,132,10173,846
1996/10/26,0,75,199,88,10167,886
1996/10/27,0,80,212,80,10060,869
1996/10/28,0,78,247,89,10040,1020
1996/10/29,0,80,242,112,10008,1010
1996/10/30,128,94,209,125,10024,964
1996/10/31,553,97,128,78,10089,1000
1996/11/1,157,95,101,75,10126,764
1996/11/2,0,91,150,71,10137,829
1996/11/3,16,96,115,84,10133,887
1996/11/4,158,95,137,100,10101,1020
1996/11/5,9,93,177,122,10091,720
1996/11/6,437,91,161,72,10153,903
1996/11/7,446,96,75,55,10147,1900
1996/11/8,19,92,146,70,10119,4930
1996/11/9,0,92,172,73,10094,4120
1996/11/10,0,91,143,83,10074,3140
1996/11/11,9,87,144,104,10090,1940
1996/11/12,68,92,121,60,10159,2560
1996/11/13,32700,74,70,47,10189,1830
1996/11/14,61,84,57,43,10199,1710
1996/11/15,106,95,53,17,10250,1580
1996/11/16,80,95,65,32,10230,2880
1996/11/17,0,60,131,61,10231,2000
1996/11/18,0,77,151,7,10198,1340
1996/11/19,0,85,150,36,10170,1400
1996/11/20,0,73,185,48,10152,2190
1996/11/21,32700,77,123,78,10170,1290
1996/11/22,0,86,151,42,10142,1270
1996/11/23,0,76,172,50,10126,1360
1996/11/24,0,82,184,43,10110,1470
1996/11/25,26,86,121,75,10089,1490
1996/11/26,32700,73,157,60,10126,1410
1996/11/27,0,78,120,37,10143,1380
1996/11/28,13,77,88,57,10118,1330
1996/11/29,0,72,131,38,10176,1380
1996/11/30,0,67,117,11,10202,1360
1996/12/1,0,61,95,0,10202,1090
1996/12/2,0,73,89,23,10139,1360
1996/12/3,9,95,67,51,10110,1380
1996/12/4,13,93,98,59,10130,1280
1996/12/5,0,28,98,57,10219,1290
1996/12/6,0,36,139,-17,10185,1370
1996/12/7,0,64,134,-15,10172,1360
1996/12/8,0,62,133,12,10147,1170
1996/12/9,0,45,136,30,10160,886
1996/12/10,0,38,146,12,10148,905
1996/12/11,0,63,138,0,10139,992
1996/12/12,0,64,166,-7,10128,1070
1996/12/13,0,67,181,-11,10102,1080
1996/12/14,0,73,154,-4,10080,1150
1996/12/15,0,74,143,46,10078,1190
1996/12/16,0,74,122,55,10139,1000
1996/12/17,0,66,104,21,10212,949
1996/12/18,0,56,77,11,10220,1050
1996/12/19,0,75,121,-20,10197,959
1996/12/20,0,76,139,-8,10175,1070
1996/12/21,0,79,155,-17,10135,1020
1996/12/22,0,75,178,-10,10139,1030
1996/12/23,0,67,135,-1,10134,1120
1996/12/24,0,77,187,5,10077,1210
1996/12/25,0,75,148,18,10117,1020
1996/12/26,0,77,141,-5,10107,1000
1996/12/27,0,79,149,10,10115,939
1996/12/28,0,80,111,16,10115,1040
1996/12/29,0,83,156,-9,10079,1110
1996/12/30,0,91,125,31,10072,1150
1996/12/31,32700,97,95,52,10047,1220
1997/1/1,0,73,108,42,10158,820
1997/1/2,0,55,81,0,10120,1030
1997/1/3,32700,62,78,48,10133,1090
1997/1/4,0,81,113,-11,10156,1310
1997/1/5,0,49,72,-21,10227,1220
1997/1/6,0,52,28,-5,10241,1120
1997/1/7,0,42,40,-37,10285,1080
1997/1/8,0,57,6,-47,10285,1100
1997/1/9,0,73,63,-55,10198,1130
1997/1/10,0,76,88,-38,10178,1200
1997/1/11,0,75,88,-31,10161,1120
1997/1/12,0,81,110,-26,10109,1040
1997/1/13,0,68,121,37,10120,1100
1997/1/14,0,30,66,4,10202,1120
1997/1/15,3,53,44,-9,10157,1200
1997/1/16,32700,73,67,11,10113,1250
1997/1/17,7,70,104,37,10139,1270
1997/1/18,0,66,88,1,10160,1190
1997/1/19,0,77,126,2,10080,1170
1997/1/20,6,91,66,33,10070,1180
1997/1/21,2,65,50,6,10190,1180
1997/1/22,130,90,11,-23,10172,1270
1997/1/23,3,89,15,-23,10160,1320
1997/1/24,0,82,57,-73,10151,1240
1997/1/25,0,95,44,-37,10141,1280
1997/1/26,0,93,103,-23,10129,1170
1997/1/27,0,74,167,-30,10103,1130
1997/1/28,0,78,141,-3,10066,1100
1997/1/29,0,77,128,2,10062,1080
1997/1/30,18,82,125,64,10056,1220
1997/1/31,27,92,70,8,10118,1480
1997/2/1,215,92,56,8,10142,1120
1997/2/2,7,76,38,5,10169,1140
1997/2/3,14,79,30,-2,10175,1150
1997/2/4,17,81,36,-10,10167,1230
1997/2/5,0,85,91,-14,10153,862
1997/2/6,0,64,65,24,10167,797
1997/2/7,0,77,85,-17,10115,911
1997/2/8,0,79,113,-10,10073,754
1997/2/9,0,81,140,-6,10076,743
1997/2/10,0,74,109,1,10126,690
1997/2/11,0,57,97,-6,10165,714
1997/2/12,0,67,109,1,10146,1050
1997/2/13,0,73,123,10,10154,1050
1997/2/14,0,75,100,32,10119,1200
1997/2/15,0,58,133,17,10126,918
1997/2/16,0,59,83,-12,10166,1130
1997/2/17,0,63,137,3,10142,1040
1997/2/18,0,65,154,-8,10153,821
1997/2/19,0,62,163,3,10131,941
1997/2/20,0,58,194,31,10129,781
1997/2/21,0,48,155,51,10166,672
1997/2/22,32700,54,117,44,10152,649
1997/2/23,16,78,96,66,10122,949
1997/2/24,20,89,82,59,10106,1100
1997/2/25,0,88,131,31,10104,595
1997/2/26,2,91,114,89,10119,719
1997/2/27,39,97,94,78,10101,708
1997/2/28,11,74,153,79,10125,687
1997/3/1,0,70,163,67,10132,634
1997/3/2,0,66,148,47,10174,554
1997/3/3,0,68,158,45,10152,587
1997/3/4,0,71,184,29,10105,692
1997/3/5,0,72,142,97,10053,747
1997/3/6,0,81,187,45,10067,812
1997/3/7,0,67,218,92,10096,760
1997/3/8,0,72,202,84,10067,800
1997/3/9,16,90,187,95,10053,597
1997/3/10,34,97,101,88,10078,842
1997/3/11,187,97,105,90,10064,826
1997/3/12,12,92,106,79,10063,805
1997/3/13,24,95,90,69,10029,883
1997/3/14,81,94,89,52,10094,830
1997/3/15,40,87,89,43,10145,714
1997/3/16,31,79,127,66,10173,784
1997/3/17,0,73,142,42,10160,802
1997/3/18,19,80,108,70,10113,863
1997/3/19,32700,80,117,67,10118,879
1997/3/20,9,84,124,71,10084,789
1997/3/21,1,84,153,41,10060,767
1997/3/22,0,77,162,86,10094,837
1997/3/23,32700,83,154,50,10135,813
1997/3/24,18,83,104,80,10138,775
1997/3/25,1,76,182,67,10107,811
1997/3/26,0,82,198,59,10126,758
1997/3/27,32700,80,184,115,10103,718
1997/3/28,1,74,208,118,10055,826
1997/3/29,0,69,277,76,10040,744
1997/3/30,0,70,196,102,10103,731
1997/3/31,0,73,206,100,10058,779
1997/4/1,0,81,212,125,9965,913
1997/4/2,53,93,193,112,10018,906
1997/4/3,67,88,117,71,10111,930
1997/4/4,50,84,178,61,10092,802
1997/4/5,0,84,218,89,10047,906
1997/4/6,32700,78,234,110,10018,1040
1997/4/7,23,88,184,134,9997,981
1997/4/8,1,81,189,114,10056,885
1997/4/9,20,78,149,96,10113,899
1997/4/10,0,70,215,50,10094,916
1997/4/11,0,65,223,71,10091,879
1997/4/12,0,63,239,118,10024,999
1997/4/13,0,76,247,102,9999,938
1997/4/14,0,73,243,142,10043,907
1997/4/15,32700,76,223,140,10060,934
1997/4/16,32700,77,245,115,10038,945
1997/4/17,2,72,204,135,10064,947
1997/4/18,0,78,166,112,10100,991
1997/4/19,8,92,157,106,10069,999
1997/4/20,38,93,158,132,10053,931
1997/4/21,6,84,220,130,10084,929
1997/4/22,13,70,217,136,10104,868
1997/4/23,50,73,177,117,10162,939
1997/4/24,0,65,215,99,10148,825
1997/4/25,0,69,241,89,10100,943
1997/4/26,0,69,262,120,10052,826
1997/4/27,0,71,281,132,10009,822
1997/4/28,0,73,303,155,9973,893
1997/4/29,1,55,303,190,9979,922
1997/4/30,0,70,286,149,10002,1010
1997/5/1,0,66,325,165,9955,1070
1997/5/2,0,68,318,177,9937,1050
1997/5/3,0,75,301,205,9931,1110
1997/5/4,0,79,324,216,9928,1080
1997/5/5,0,60,272,193,9967,1130
1997/5/6,114,90,259,202,9941,987
1997/5/7,32700,81,241,156,9974,1050
1997/5/8,4,64,237,160,10066,1000
1997/5/9,32700,67,231,126,10030,987
1997/5/10,32700,72,243,154,9919,900
1997/5/11,311,89,221,175,9920,876
1997/5/12,152,92,193,154,9963,971
1997/5/13,0,82,262,167,9962,1100
1997/5/14,4,83,296,181,9945,942
1997/5/15,32700,57,294,202,9979,979
1997/5/16,0,54,292,162,10013,931
1997/5/17,0,64,303,144,9970,910
1997/5/18,0,69,324,178,9927,1020
1997/5/19,0,51,322,175,9980,1050
1997/5/20,0,56,289,160,10006,939
1997/5/21,32700,69,248,192,10018,866
1997/5/22,0,60,284,183,10032,793
1997/5/23,32700,59,332,162,10014,874
1997/5/24,0,58,337,174,10006,960
1997/5/25,32700,51,338,210,9951,1020
1997/5/26,0,57,363,198,9936,957
1997/5/27,191,86,308,176,9999,848
1997/5/28,32700,74,294,172,10004,776
1997/5/29,7,73,322,171,9960,857
1997/5/30,0,48,330,180,9971,901
1997/5/31,32700,62,307,164,9919,819
1997/6/1,0,53,300,190,9958,916
1997/6/2,0,57,318,170,9957,989
1997/6/3,0,57,349,189,9943,947
1997/6/4,0,60,312,215,9962,1060
1997/6/5,0,69,360,206,9907,960
1997/6/6,133,90,326,210,9925,880
1997/6/7,44,88,284,206,9947,751
1997/6/8,23,81,249,180,10007,852
1997/6/9,16,73,237,171,10002,847
1997/6/10,0,52,322,169,9960,898
1997/6/11,0,68,327,168,9961,884
1997/6/12,0,76,284,205,9981,869
1997/6/13,0,67,315,175,9997,817
1997/6/14,0,64,329,176,10009,766
1997/6/15,0,62,334,197,10017,748
1997/6/16,0,64,331,214,10010,836
1997/6/17,32700,69,288,220,10001,755
1997/6/18,32700,77,305,216,9978,858
1997/6/19,0,72,327,189,9955,841
1997/6/20,0,76,298,222,9966,827
1997/6/21,0,67,345,204,9967,738
1997/6/22,0,63,356,210,9964,770
1997/6/23,0,54,328,219,9942,824
1997/6/24,32700,71,302,229,9922,679
1997/6/25,0,56,347,208,9926,717
1997/6/26,0,64,340,217,9942,773
1997/6/27,0,68,340,238,9930,888
1997/6/28,0,63,356,239,9899,853
1997/6/29,242,85,312,225,9887,958
1997/6/30,108,97,255,222,9884,703
1997/7/1,47,96,268,235,9901,656
1997/7/2,61,91,323,247,9900,814
1997/7/3,0,84,347,258,9887,1130
1997/7/4,491,92,315,240,9925,939
1997/7/5,32700,83,270,229,9951,727
1997/7/6,32700,78,313,218,9921,749
1997/7/7,0,84,298,225,9921,888
1997/7/8,0,75,334,222,9947,867
1997/7/9,0,76,321,219,9955,824
1997/7/10,0,74,322,230,9959,701
1997/7/11,0,73,328,209,9966,740
1997/7/12,0,69,332,214,9952,759
1997/7/13,7,79,281,218,9955,735
1997/7/14,0,78,311,201,9944,784
1997/7/15,32700,76,312,232,9925,977
1997/7/16,80,89,272,231,9912,1030
1997/7/17,0,84,334,230,9934,1100
1997/7/18,11,87,301,250,9958,840
1997/7/19,6,87,303,249,9938,775
1997/7/20,32700,83,330,237,9931,700
1997/7/21,0,85,341,265,9936,774
1997/7/22,55,92,318,249,9961,769
1997/7/23,42,90,297,242,9984,742
1997/7/24,0,82,332,224,9986,842
1997/7/25,0,82,339,246,9969,832
1997/7/26,0,81,346,242,9956,879
1997/7/27,0,80,347,251,9952,776
1997/7/28,0,79,347,248,9953,885
1997/7/29,0,83,342,260,9938,1210
1997/7/30,32700,80,348,269,9918,1040
1997/7/31,3,78,356,248,9910,1030
1997/8/1,0,78,347,247,9925,1050
1997/8/2,17,83,313,249,9940,875
1997/8/3,0,83,331,255,9918,737
1997/8/4,0,79,339,255,9903,933
1997/8/5,8,80,348,261,9911,1010
1997/8/6,0,84,349,265,9897,1040
1997/8/7,4,76,358,267,9893,1220
1997/8/8,0,55,392,262,9907,1150
1997/8/9,0,59,376,250,9937,915
1997/8/10,0,66,376,230,9933,930
1997/8/11,0,74,360,239,9935,1100
1997/8/12,0,73,358,235,9951,1010
1997/8/13,0,74,349,235,9962,1080
1997/8/14,0,72,336,245,9977,1220
1997/8/15,0,66,339,244,10002,1120
1997/8/16,0,63,344,243,10010,1110
1997/8/17,32700,60,353,255,9988,1140
1997/8/18,0,58,369,229,9974,1250
1997/8/19,0,54,372,220,9958,956
1997/8/20,0,53,356,210,9965,937
1997/8/21,0,65,362,225,9985,1130
1997/8/22,0,69,365,235,9968,1180
1997/8/23,0,67,369,236,9956,1360
1997/8/24,0,74,359,249,9956,1250
1997/8/25,0,71,361,236,9970,1310
1997/8/26,0,67,353,237,9982,1220
1997/8/27,32700,73,332,251,9987,903
1997/8/28,0,77,353,235,9956,1060
1997/8/29,0,75,364,245,9963,1020
1997/8/30,0,69,377,256,9961,946
1997/8/31,0,75,361,262,9943,791
1997/9/1,0,57,381,270,9947,735
1997/9/2,0,59,320,253,10009,719
1997/9/3,32700,64,263,210,10024,699
1997/9/4,0,67,340,161,9979,733
1997/9/5,0,65,356,201,9959,728
1997/9/6,0,69,369,216,9965,686
1997/9/7,0,66,352,229,10007,664
1997/9/8,0,63,370,198,9999,790
1997/9/9,0,63,370,199,9987,825
1997/9/10,0,68,314,208,10018,748
1997/9/11,0,74,263,209,10035,654
1997/9/12,42,90,236,159,10052,648
1997/9/13,36,93,178,159,10103,638
1997/9/14,343,97,163,149,10117,674
1997/9/15,161,93,177,142,10113,682
1997/9/16,0,82,261,144,10084,662
1997/9/17,0,78,265,154,10083,663
1997/9/18,76,76,229,147,10128,671
1997/9/19,0,75,226,119,10090,644
1997/9/20,0,68,248,148,10111,654
1997/9/21,0,61,267,115,10115,646
1997/9/22,0,65,270,137,10097,643
1997/9/23,32,68,233,166,10108,646
1997/9/24,1,79,231,146,10101,648
1997/9/25,0,62,277,146,10081,654
1997/9/26,0,48,263,134,10102,642
1997/9/27,0,56,266,114,10091,647
1997/9/28,0,66,274,122,10067,644
1997/9/29,0,73,289,157,10046,593
1997/9/30,0,79,237,188,10040,555
1997/10/1,32700,74,294,177,10049,558
1997/10/2,32700,72,276,142,10059,563
1997/10/3,106,88,227,165,10097,559
1997/10/4,107,90,169,131,10150,555
1997/10/5,0,86,212,111,10124,566
1997/10/6,0,78,273,145,10087,562
1997/10/7,0,73,270,159,10114,549
1997/10/8,32700,66,278,144,10115,513
1997/10/9,32700,60,277,155,10071,448
1997/10/10,0,65,322,129,10053,455
1997/10/11,32700,68,251,162,10067,455
1997/10/12,0,60,290,179,10075,458
1997/10/13,0,72,265,134,10048,464
1997/10/14,0,66,255,168,10044,460
1997/10/15,0,62,295,120,10058,468
1997/10/16,0,66,299,147,10066,417
1997/10/17,0,66,298,136,10082,426
1997/10/18,0,69,299,135,10067,406
1997/10/19,0,63,301,132,10049,398
1997/10/20,0,66,299,125,10026,404
1997/10/21,0,59,318,125,9997,402
1997/10/22,0,58,299,125,10004,392
1997/10/23,0,67,253,140,10034,375
1997/10/24,32700,43,211,142,10134,361
1997/10/25,257,88,161,85,10189,354
1997/10/26,32700,54,157,90,10202,354
1997/10/27,0,62,187,45,10194,384
1997/10/28,0,70,200,65,10174,368
1997/10/29,0,66,213,70,10173,337
1997/10/30,0,59,219,49,10189,361
1997/10/31,0,68,185,49,10223,362
1997/11/1,0,71,188,59,10202,348
1997/11/2,0,70,202,54,10153,352
1997/11/3,0,66,244,61,10132,359
1997/11/4,0,66,208,60,10192,349
1997/11/5,0,72,201,32,10166,359
1997/11/6,0,79,177,49,10148,372
1997/11/7,0,75,209,55,10149,368
1997/11/8,0,74,197,69,10117,360
1997/11/9,0,73,179,91,10136,345
1997/11/10,47,88,143,116,10114,492
1997/11/11,166,97,131,113,10084,373
1997/11/12,99,93,138,108,10114,340
1997/11/13,65,84,133,96,10121,344
1997/11/14,0,85,168,53,10079,585
1997/11/15,0,88,151,78,10074,363
1997/11/16,32700,40,130,41,10212,339
1997/11/17,0,71,128,-14,10182,339
1997/11/18,0,79,100,26,10157,347
1997/11/19,0,78,127,65,10130,345
1997/11/20,32700,82,96,67,10115,350
1997/11/21,0,82,162,24,10111,347
1997/11/22,0,81,162,9,10115,346
1997/11/23,0,82,164,38,10068,357
1997/11/24,0,88,129,78,9994,748
1997/11/25,13,84,147,107,10029,386
1997/11/26,32700,61,138,69,10124,335
1997/11/27,26,86,104,56,10148,346
1997/11/28,80,95,59,31,10179,718
1997/11/29,0,96,70,24,10176,473
1997/11/30,0,90,91,40,10172,379
1997/12/1,35,83,98,33,10264,375
1997/12/2,0,82,69,-11,10275,372
1997/12/3,0,80,74,6,10232,373
1997/12/4,0,89,58,-5,10175,561
1997/12/5,3,94,55,39,10151,418
1997/12/6,2,77,126,49,10145,371
1997/12/7,0,50,111,77,10205,372
1997/12/8,0,44,107,-3,10235,362
1997/12/9,0,68,100,-40,10228,639
1997/12/10,0,62,89,-15,10222,358
1997/12/11,0,62,80,-13,10196,348
1997/12/12,0,67,110,3,10173,335
1997/12/13,0,80,123,-15,10135,334
1997/12/14,0,79,135,-8,10131,332
1997/12/15,4,84,78,21,10139,332
1997/12/16,32700,78,117,46,10126,332
1997/12/17,0,89,123,-12,10111,332
1997/12/18,32700,97,74,34,10069,332
1997/12/19,1,90,155,25,10054,332
1997/12/20,32700,74,83,21,10149,332
1997/12/21,3,73,69,30,10208,331
1997/12/22,17,84,49,8,10228,332
1997/12/23,0,85,95,3,10180,329
1997/12/24,0,84,70,1,10151,333
1997/12/25,0,75,93,44,10156,331
1997/12/26,0,78,141,17,10150,330
1997/12/27,0,78,99,42,10160,333
1997/12/28,24,82,84,33,10177,333
1997/12/29,48,89,76,33,10154,330
1997/12/30,0,86,125,-4,10142,361
1997/12/31,32700,91,93,55,10126,412
1998/1/1,0,74,130,8,10122,278
1998/1/2,0,86,114,-7,10088,247
1998/1/3,0,72,110,18,10145,294
1998/1/4,0,58,83,1,10246,331
1998/1/5,0,72,107,-44,10173,279
1998/1/6,0,81,47,-10,10168,230
1998/1/7,3,79,65,13,10119,221
1998/1/8,0,82,95,-39,10095,220
1998/1/9,0,75,70,48,10094,220
1998/1/10,52,88,59,46,10133,226
1998/1/11,25,91,67,36,10154,222
1998/1/12,44,91,50,25,10123,222
1998/1/13,39,92,37,14,10135,222
1998/1/14,75,92,33,-5,10159,222
1998/1/15,8,77,-2,-30,10129,225
1998/1/16,44,83,-22,-45,10134,234
1998/1/17,8,90,16,-76,10179,235
1998/1/18,0,78,1,-39,10228,279
1998/1/19,0,79,22,-51,10226,270
1998/1/20,0,81,69,-25,10174,231
1998/1/21,0,85,65,-20,10159,231
1998/1/22,0,86,88,3,10161,257
1998/1/23,0,76,65,-35,10187,241
1998/1/24,0,67,80,-33,10251,246
1998/1/25,0,68,84,-15,10205,227
1998/1/26,0,77,85,-26,10161,238
1998/1/27,0,78,109,-14,10189,245
1998/1/28,0,74,85,-20,10283,237
1998/1/29,0,66,77,-35,10221,226
1998/1/30,0,77,99,-26,10159,226
1998/1/31,0,76,56,15,10192,229
1998/2/1,0,74,48,12,10200,241
1998/2/2,0,84,63,24,10166,212
1998/2/3,0,74,112,-14,10199,214
1998/2/4,0,65,90,-5,10268,219
1998/2/5,0,62,119,-36,10210,221
1998/2/6,0,57,146,-26,10134,240
1998/2/7,0,63,165,-26,10119,243
1998/2/8,0,54,126,17,10108,248
1998/2/9,0,61,192,-2,10079,244
1998/2/10,0,55,151,0,10104,264
1998/2/11,0,69,206,3,10007,232
1998/2/12,0,73,193,32,10007,227
1998/2/13,151,77,140,43,10123,287
1998/2/14,1,85,125,46,10110,275
1998/2/15,0,88,83,37,10052,246
1998/2/16,0,75,121,65,10107,247
1998/2/17,4,70,89,38,10172,265
1998/2/18,33,88,46,30,10128,257
1998/2/19,43,93,54,19,10104,270
1998/2/20,32700,86,121,44,10123,275
1998/2/21,32700,81,94,66,10181,280
1998/2/22,0,69,83,9,10187,256
1998/2/23,0,72,102,18,10147,239
1998/2/24,0,76,133,-1,10145,265
1998/2/25,0,80,159,20,10110,253
1998/2/26,0,72,194,28,10094,225
1998/2/27,0,71,188,59,10127,261
1998/2/28,0,58,153,73,10171,244
1998/3/1,0,64,118,65,10152,271
1998/3/2,32700,79,114,68,10126,257
1998/3/3,0,80,154,46,10106,260
1998/3/4,11,75,180,67,10092,246
1998/3/5,0,90,129,65,10081,296
1998/3/6,26,88,111,89,10078,291
1998/3/7,197,89,107,45,10112,274
1998/3/8,106,85,57,20,10106,278
1998/3/9,270,96,40,0,10088,268
1998/3/10,5,90,93,22,10142,278
1998/3/11,0,83,125,-8,10124,255
1998/3/12,0,70,175,20,10072,237
1998/3/13,0,81,168,24,10038,256
1998/3/14,0,69,208,41,10055,254
1998/3/15,3,67,147,75,10089,268
1998/3/16,0,79,190,47,10066,259
1998/3/17,0,79,200,81,10045,299
1998/3/18,0,85,173,91,9979,291
1998/3/19,124,72,168,18,10130,278
1998/3/20,64,85,26,-5,10184,313
1998/3/21,0,70,88,2,10194,305
1998/3/22,34,82,88,-2,10183,325
1998/3/23,24,90,54,30,10199,305
1998/3/24,9,91,59,36,10155,277
1998/3/25,0,93,87,16,10125,289
1998/3/26,18,83,187,59,10100,320
1998/3/27,0,86,208,75,10085,319
1998/3/28,0,91,191,97,10083,334
1998/3/29,0,87,188,110,10070,377
1998/3/30,0,82,197,150,10084,364
1998/3/31,106,96,164,67,10077,371
1998/4/1,31,82,89,39,10150,396
1998/4/2,0,82,96,57,10149,377
1998/4/3,0,86,129,80,10064,394
1998/4/4,0,88,141,110,10056,406
1998/4/5,93,94,161,125,10095,403
1998/4/6,105,95,151,129,10091,416
1998/4/7,114,95,160,124,10052,439
1998/4/8,0,91,206,109,10013,404
1998/4/9,2,91,199,133,10005,420
1998/4/10,1,92,213,135,10006,427
1998/4/11,727,93,198,142,9991,414
1998/4/12,32700,64,253,130,10004,420
1998/4/13,0,77,265,108,9999,424
1998/4/14,0,75,261,122,10064,402
1998/4/15,0,70,250,116,10044,397
1998/4/16,0,55,285,150,10006,418
1998/4/17,0,62,262,150,10029,458
1998/4/18,0,73,289,145,10002,453
1998/4/19,0,76,326,157,9973,436
1998/4/20,0,72,300,165,9976,406
1998/4/21,0,77,296,172,9952,442
1998/4/22,0,85,280,208,9909,403
1998/4/23,23,79,293,210,9935,423
1998/4/24,0,68,211,165,10062,428
1998/4/25,0,75,235,120,10044,437
1998/4/26,0,80,289,149,9971,394
1998/4/27,32700,90,256,192,9979,439
1998/4/28,0,86,318,183,9984,469
1998/4/29,78,89,285,160,10025,444
1998/4/30,51,93,164,134,10030,441
1998/5/1,56,94,218,139,9971,467
1998/5/2,0,68,315,143,9998,441
1998/5/3,0,72,275,169,10051,492
1998/5/4,0,73,278,186,10026,497
1998/5/5,0,76,285,173,10037,551
1998/5/6,32700,83,265,187,10042,577
1998/5/7,47,94,239,188,10060,577
1998/5/8,272,93,200,169,10079,554
1998/5/9,137,93,172,105,10052,571
1998/5/10,233,94,147,98,10079,546
1998/5/11,0,85,209,112,10064,533
1998/5/12,32700,92,180,121,10044,528
1998/5/13,7,87,221,156,10030,540
1998/5/14,0,80,241,163,10033,526
1998/5/15,0,81,253,140,10031,545
1998/5/16,1,83,239,160,10029,561
1998/5/17,0,70,301,133,10011,571
1998/5/18,0,73,304,165,9996,584
1998/5/19,0,79,311,193,9965,604
1998/5/20,32700,80,327,220,9960,614
1998/5/21,10,85,246,222,9969,596
1998/5/22,17,63,250,178,10030,557
1998/5/23,63,91,181,145,10056,613
1998/5/24,0,59,266,149,10073,594
1998/5/25,0,56,283,117,10022,616
1998/5/26,0,65,320,138,9984,548
1998/5/27,0,74,291,198,9980,596
1998/5/28,0,57,329,197,9997,589
1998/5/29,0,60,313,198,9996,601
1998/5/30,32700,58,315,189,9985,626
1998/5/31,356,90,264,157,9958,610
1998/6/1,86,82,305,158,9933,615
1998/6/2,0,71,342,202,9937,685
1998/6/3,0,67,341,187,9954,681
1998/6/4,0,61,336,214,9981,683
1998/6/5,0,65,292,202,10016,660
1998/6/6,0,75,297,213,10014,691
1998/6/7,44,88,269,200,9972,666
1998/6/8,53,94,210,175,9976,653
1998/6/9,0,79,289,168,9983,674
1998/6/10,0,78,317,193,9978,672
1998/6/11,1,80,282,225,9951,755
1998/6/12,2,74,326,192,9926,702
1998/6/13,8,80,276,212,9966,656
1998/6/14,0,73,292,197,9961,647
1998/6/15,0,69,333,203,9926,689
1998/6/16,0,66,375,236,9904,828
1998/6/17,0,68,362,238,9893,825
1998/6/18,3,64,318,253,9929,792
1998/6/19,0,53,362,192,9939,781
1998/6/20,0,57,370,210,9906,683
1998/6/21,0,72,352,238,9902,707
1998/6/22,0,77,332,253,9936,751
1998/6/23,32700,65,322,258,9952,721
1998/6/24,4,69,312,243,9955,714
1998/6/25,1,67,326,222,9949,685
1998/6/26,0,70,324,219,9944,796
1998/6/27,0,73,359,213,9940,720
1998/6/28,4,86,326,255,9956,708
1998/6/29,28,88,303,252,9925,761
1998/6/30,1,85,314,232,9924,848
1998/7/1,505,96,289,230,9927,886
1998/7/2,179,91,277,225,9957,1020
1998/7/3,0,88,298,212,9977,1020
1998/7/4,32700,88,299,243,9975,1000
1998/7/5,3,84,320,242,9934,1040
1998/7/6,0,78,347,252,9913,1090
1998/7/7,32700,81,340,263,9909,1040
1998/7/8,0,77,352,263,9907,996
1998/7/9,0,75,359,266,9912,1130
1998/7/10,137,80,362,267,9922,1070
1998/7/11,32700,82,353,255,9924,1220
1998/7/12,0,79,367,258,9913,1440
1998/7/13,32700,76,382,272,9903,1260
1998/7/14,32700,77,368,254,9905,1890
1998/7/15,10,75,368,269,9906,3240
1998/7/16,92,79,357,260,9897,3210
1998/7/17,0,82,346,254,9891,2510
1998/7/18,0,82,362,253,9895,2520
1998/7/19,0,82,364,251,9873,2340
1998/7/20,0,82,364,281,9863,1770
1998/7/21,32700,88,318,270,9871,1750
1998/7/22,31,86,331,260,9891,1630
1998/7/23,21,84,311,254,9912,1620
1998/7/24,0,80,322,251,9922,1760
1998/7/25,0,77,340,254,9937,1790
1998/7/26,0,76,344,251,9948,1790
1998/7/27,2,80,342,248,9938,1780
1998/7/28,128,87,333,255,9918,1630
1998/7/29,32700,81,324,261,9930,1520
1998/7/30,146,90,304,252,9926,1610
1998/7/31,2,83,323,237,9933,1540
1998/8/1,32700,83,340,243,9918,1570
1998/8/2,36,93,303,255,9928,1530
1998/8/3,33,96,275,243,9942,1600
1998/8/4,29,87,330,248,9927,1550
1998/8/5,0,81,328,251,9946,1620
1998/8/6,20,88,312,254,9921,1610
1998/8/7,595,90,309,240,9925,1400
1998/8/8,0,89,324,248,9949,1480
1998/8/9,143,93,299,254,9934,1370
1998/8/10,54,84,329,240,9939,1510
1998/8/11,81,92,287,248,9944,1510
1998/8/12,3,85,306,238,9948,1510
1998/8/13,236,89,329,241,9931,1360
1998/8/14,32700,88,317,260,9919,1660
1998/8/15,529,96,276,222,9979,2330
1998/8/16,90,93,247,228,9996,1450
1998/8/17,0,87,296,214,9994,1270
1998/8/18,0,82,310,220,10003,1360
1998/8/19,0,85,315,230,9997,2040
1998/8/20,4,87,302,234,10005,3480
1998/8/21,0,87,321,240,9974,4090
1998/8/22,0,81,352,260,9958,4690
1998/8/23,0,85,319,251,9981,4820
1998/8/24,0,78,360,274,9970,5610
1998/8/25,24,80,334,248,9969,5640
1998/8/26,63,86,291,235,9978,5380
1998/8/27,23,85,292,210,10005,5350
1998/8/28,17,89,254,216,10010,5420
1998/8/29,0,80,293,188,10001,5280
1998/8/30,0,79,310,195,9991,5260
1998/8/31,0,78,316,218,10008,5390
1998/9/1,0,83,295,220,10028,5280
1998/9/2,0,83,294,223,10033,4910
1998/9/3,0,71,307,230,10019,4090
1998/9/4,0,75,294,201,9999,3070
1998/9/5,0,76,345,194,9971,2440
1998/9/6,0,78,348,214,9960,1660
1998/9/7,0,80,333,238,9967,1710
1998/9/8,0,77,344,242,9971,1720
1998/9/9,32700,68,350,206,9980,1710
1998/9/10,0,66,346,223,10000,1610
1998/9/11,0,65,321,231,10027,1570
1998/9/12,0,73,329,216,10026,1640
1998/9/13,0,73,337,227,10011,1580
1998/9/14,0,74,360,232,9971,1650
1998/9/15,7,76,315,185,10016,1460
1998/9/16,32700,74,239,188,10050,1300
1998/9/17,0,66,296,193,10036,1370
1998/9/18,0,76,292,203,10031,1400
1998/9/19,32700,80,268,188,10058,1420
1998/9/20,32700,44,285,188,10065,1320
1998/9/21,0,55,286,127,10034,1270
1998/9/22,1,67,257,162,10042,1270
1998/9/23,24,76,269,174,10061,1150
1998/9/24,3,77,241,185,10069,1230
1998/9/25,61,90,218,170,10083,1140
1998/9/26,32700,86,273,174,10085,948
1998/9/27,0,85,289,178,10089,1140
1998/9/28,0,77,306,151,10076,1220
1998/9/29,0,69,313,149,10056,1060
1998/9/30,0,65,324,139,10038,1040
1998/10/1,0,64,345,143,10030,935
1998/10/2,0,64,315,172,10045,882
1998/10/3,0,54,291,169,10093,866
1998/10/4,0,66,286,167,10101,856
1998/10/5,0,60,303,157,10074,740
1998/10/6,0,57,314,194,10050,791
1998/10/7,0,66,293,165,10051,763
1998/10/8,0,68,312,178,10043,855
1998/10/9,24,87,256,189,10053,644
1998/10/10,6,84,245,182,10069,651
1998/10/11,0,75,258,166,10085,640
1998/10/12,0,82,234,142,10099,630
1998/10/13,86,83,212,151,10108,588
1998/10/14,0,63,261,149,10082,617
1998/10/15,0,77,278,101,10033,623
1998/10/16,0,78,279,131,10033,671
1998/10/17,2,64,248,175,10087,616
1998/10/18,0,75,228,118,10078,633
1998/10/19,0,78,192,133,10123,686
1998/10/20,0,75,248,132,10149,684
1998/10/21,0,78,219,106,10118,680
1998/10/22,0,71,279,115,10093,709
1998/10/23,0,73,259,110,10098,699
1998/10/24,0,63,252,116,10099,685
1998/10/25,32700,61,243,164,10107,713
1998/10/26,0,60,249,111,10121,761
1998/10/27,0,55,208,110,10125,852
1998/10/28,0,62,191,107,10093,751
1998/10/29,26,80,196,121,10078,686
1998/10/30,0,87,228,114,10092,654
1998/10/31,15,72,233,152,10124,666
1998/11/1,0,71,254,86,10103,592
1998/11/2,0,57,257,112,10105,647
1998/11/3,0,66,267,87,10071,656
1998/11/4,0,59,239,100,10111,660
1998/11/5,0,63,214,73,10139,644
1998/11/6,0,71,263,77,10117,623
1998/11/7,0,66,226,79,10104,624
1998/11/8,0,68,275,97,10050,572
1998/11/9,0,61,241,88,10092,629
1998/11/10,0,67,215,71,10128,623
1998/11/11,0,73,248,67,10121,596
1998/11/12,0,76,214,105,10086,615
1998/11/13,0,75,264,79,10037,623
1998/11/14,0,74,256,83,10033,579
1998/11/15,0,77,251,85,10012,625
1998/11/16,0,74,184,127,10080,657
1998/11/17,0,66,154,64,10132,615
1998/11/18,0,56,149,59,10137,593
1998/11/19,0,69,158,26,10150,625
1998/11/20,0,73,156,32,10154,602
1998/11/21,32700,54,232,105,10157,578
1998/11/22,0,62,177,57,10146,571
1998/11/23,0,70,246,41,10116,616
1998/11/24,0,71,153,51,10158,602
1998/11/25,0,75,81,46,10163,579
1998/11/26,32700,75,98,62,10132,577
1998/11/27,1,64,207,75,10139,551
1998/11/28,0,61,143,95,10105,567
1998/11/29,0,73,152,56,10051,596
1998/11/30,0,76,185,45,10050,579
1998/12/1,82,89,132,16,10126,601
1998/12/2,40,85,24,-31,10273,617
1998/12/3,8,86,17,-34,10248,591
1998/12/4,32700,90,58,-9,10153,613
1998/12/5,32700,82,45,27,10238,603
1998/12/6,32700,84,71,17,10213,647
1998/12/7,0,81,113,-14,10226,600
1998/12/8,0,69,65,-2,10231,635
1998/12/9,0,80,91,-21,10265,591
1998/12/10,0,77,115,-11,10262,568
1998/12/11,0,70,117,-1,10254,581
1998/12/12,0,73,144,-26,10197,546
1998/12/13,0,76,169,-17,10183,515
1998/12/14,0,52,177,26,10200,507
1998/12/15,0,62,177,-11,10147,550
1998/12/16,0,69,182,-4,10121,497
1998/12/17,0,69,161,6,10098,590
1998/12/18,0,71,189,10,10077,476
1998/12/19,0,74,167,14,10110,475
1998/12/20,0,70,176,6,10069,433
1998/12/21,0,74,188,13,10063,523
1998/12/22,0,75,108,26,10128,517
1998/12/23,32700,68,106,64,10150,556
1998/12/24,0,57,105,59,10181,635
1998/12/25,0,66,163,22,10151,592
1998/12/26,32700,60,146,73,10135,537
1998/12/27,0,74,172,7,10138,548
1998/12/28,0,75,153,32,10179,589
1998/12/29,32700,63,103,31,10191,576
1998/12/30,96,89,89,7,10189,585
1998/12/31,0,83,63,28,10217,597
1999/1/1,0,81,138,12,10185,543
1999/1/2,0,77,160,4,10125,510
1999/1/3,0,89,133,4,10077,527
1999/1/4,0,80,115,2,10112,558
1999/1/5,0,78,115,46,10103,600
1999/1/6,0,67,103,48,10154,552
1999/1/7,0,48,81,42,10185,577
1999/1/8,0,58,65,27,10164,625
1999/1/9,0,53,54,5,10218,585
1999/1/10,0,71,99,-43,10209,618
1999/1/11,0,63,65,-16,10227,769
1999/1/12,0,61,63,-24,10233,708
1999/1/13,0,78,45,-47,10203,616
1999/1/14,0,47,89,-19,10242,569
1999/1/15,0,41,104,-53,10239,567
1999/1/16,0,59,100,-45,10208,547
1999/1/17,0,58,120,-29,10180,523
1999/1/18,0,58,108,-5,10097,538
1999/1/19,0,66,57,-12,10178,581
1999/1/20,0,64,104,-13,10214,586
1999/1/21,0,60,112,-20,10129,510
1999/1/22,0,69,109,-12,10058,489
1999/1/23,0,63,141,52,10066,507
1999/1/24,0,61,133,49,10092,551
1999/1/25,0,61,171,23,10087,531
1999/1/26,32700,57,146,61,10032,559
1999/1/27,32700,53,204,71,10058,558
1999/1/28,0,54,162,17,10105,561
1999/1/29,0,56,111,66,10125,569
1999/1/30,32700,47,95,59,10088,577
1999/1/31,0,63,102,56,10048,564
1999/2/1,0,65,156,35,10110,564
1999/2/2,0,34,144,41,10196,564
1999/2/3,0,36,151,-8,10206,552
1999/2/4,0,43,134,-25,10190,589
1999/2/5,0,51,100,47,10175,562
1999/2/6,0,55,145,22,10158,585
1999/2/7,0,60,161,-5,10150,595
1999/2/8,0,52,170,36,10124,568
1999/2/9,0,58,159,18,10083,578
1999/2/10,32700,53,133,65,10128,622
1999/2/11,0,54,191,-10,10170,580
1999/2/12,0,46,153,-4,10198,633
1999/2/13,0,51,192,-1,10121,574
1999/2/14,0,60,140,61,10128,578
1999/2/15,0,55,142,56,10167,637
1999/2/16,0,61,178,6,10096,642
1999/2/17,0,65,158,46,10075,549
1999/2/18,0,29,143,78,10214,525
1999/2/19,0,26,100,-12,10247,598
1999/2/20,0,47,128,-61,10200,567
1999/2/21,0,37,157,2,10170,600
1999/2/22,0,51,141,-4,10104,599
1999/2/23,0,46,179,77,10060,592
1999/2/24,0,60,187,21,10037,597
1999/2/25,6,67,161,90,10081,559
1999/2/26,17,73,143,74,10119,584
1999/2/27,0,49,131,76,10204,557
1999/2/28,0,50,174,66,10153,599
1999/3/1,0,70,199,27,10074,606
1999/3/2,0,71,188,41,10063,566
1999/3/3,0,67,221,27,10036,594
1999/3/4,0,72,204,49,9941,593
1999/3/5,0,58,209,80,9997,650
1999/3/6,145,69,140,67,10030,619
1999/3/7,2,84,79,58,10083,652
1999/3/8,7,87,69,49,10054,637
1999/3/9,11,86,82,46,10084,672
1999/3/10,0,84,123,56,10112,593
1999/3/11,0,88,97,46,10113,631
1999/3/12,32700,82,144,66,10067,627
1999/3/13,0,80,147,64,10051,589
1999/3/14,92,87,123,92,10082,582
1999/3/15,0,84,191,58,10035,588
1999/3/16,0,87,148,75,9956,608
1999/3/17,32700,93,130,95,9951,625
1999/3/18,144,94,128,64,10010,590
1999/3/19,140,93,70,11,10121,603
1999/3/20,29,90,38,14,10126,623
1999/3/21,32700,82,72,27,10162,611
1999/3/22,32700,72,56,25,10174,613
1999/3/23,0,79,122,2,10086,619
1999/3/24,0,87,109,11,10033,592
1999/3/25,0,79,176,76,9998,654
1999/3/26,3,81,131,105,10068,612
1999/3/27,1,73,179,82,10130,589
1999/3/28,21,83,148,82,10146,585
1999/3/29,0,75,100,62,10150,595
1999/3/30,0,82,151,26,10079,591
1999/3/31,0,82,151,81,10021,604
1999/4/1,9,90,127,73,10080,624
1999/4/2,32700,74,187,96,10137,581
1999/4/3,2,74,174,109,10114,579
1999/4/4,0,65,250,85,10080,553
1999/4/5,0,51,300,85,10041,550
1999/4/6,0,47,239,124,10039,593
1999/4/7,0,51,263,106,9992,543
1999/4/8,204,83,233,134,9998,544
1999/4/9,32700,77,251,118,10038,485
1999/4/10,2,74,261,129,10015,544
1999/4/11,331,90,213,144,9958,515
1999/4/12,0,72,258,129,9999,480
1999/4/13,1,75,194,124,10077,545
1999/4/14,4,78,206,94,10070,557
1999/4/15,5,89,201,103,10041,555
1999/4/16,31,86,173,122,10039,550
1999/4/17,0,73,246,135,10006,575
1999/4/18,0,71,271,119,9988,528
1999/4/19,0,72,286,138,9990,600
1999/4/20,0,82,238,162,10026,623
1999/4/21,0,72,272,153,10024,598
1999/4/22,0,74,302,164,9963,619
1999/4/23,165,94,256,183,9937,650
1999/4/24,27,89,189,163,9989,584
1999/4/25,0,77,244,157,10040,572
1999/4/26,21,70,191,121,10098,572
1999/4/27,90,81,179,110,10139,589
1999/4/28,0,72,233,109,10102,607
1999/4/29,0,73,239,128,10066,633
1999/4/30,0,69,257,129,10052,619
1999/5/1,0,70,259,130,10074,614
1999/5/2,1,76,234,176,10047,639
1999/5/3,292,93,198,163,10053,633
1999/5/4,0,72,284,121,10057,633
1999/5/5,0,70,282,149,10043,649
1999/5/6,3,73,269,161,10031,652
1999/5/7,0,70,291,161,10004,661
1999/5/8,0,70,291,181,10012,653
1999/5/9,32700,70,312,169,9974,658
1999/5/10,2,61,295,156,10040,635
1999/5/11,0,69,292,146,10045,649
1999/5/12,0,65,309,168,9998,635
1999/5/13,0,70,301,167,9971,628
1999/5/14,23,77,286,201,9966,634
1999/5/15,86,96,224,183,9963,623
1999/5/16,158,95,194,180,9967,645
1999/5/17,399,97,191,169,9959,625
1999/5/18,1,82,256,158,10005,614
1999/5/19,0,75,274,125,10064,615
1999/5/20,32700,72,261,161,10050,633
1999/5/21,39,91,223,179,10002,599
1999/5/22,7,86,262,178,9960,560
1999/5/23,13,88,254,200,9963,534
1999/5/24,0,78,267,156,9980,527
1999/5/25,11,76,255,182,9972,535
1999/5/26,0,49,307,144,9995,544
1999/5/27,0,49,346,154,9987,542
1999/5/28,0,61,334,165,9977,547
1999/5/29,0,55,336,191,9961,552
1999/5/30,32700,65,282,213,9962,543
1999/5/31,8,87,252,187,9973,551
1999/6/1,6,77,306,197,9963,565
1999/6/2,32700,65,326,218,9948,580
1999/6/3,56,84,285,221,9962,616
1999/6/4,14,89,233,205,9978,605
1999/6/5,32700,80,252,200,9979,603
1999/6/6,0,82,257,213,9979,567
1999/6/7,18,88,245,204,10010,553
1999/6/8,0,71,321,195,9994,544
1999/6/9,0,62,311,185,9984,570
1999/6/10,32700,69,303,202,9966,602
1999/6/11,6,70,295,194,9964,621
1999/6/12,0,72,314,189,9955,608
1999/6/13,0,74,321,214,9943,628
1999/6/14,0,76,355,229,9904,663
1999/6/15,32700,76,331,260,9902,684
1999/6/16,16,71,302,202,9972,616
1999/6/17,3,61,308,212,9965,554
1999/6/18,0,65,348,190,9935,547
1999/6/19,0,68,331,216,9949,572
1999/6/20,0,63,360,229,9926,566
1999/6/21,0,70,343,238,9914,614
1999/6/22,173,84,296,201,9919,583
1999/6/23,48,80,290,199,9932,583
1999/6/24,0,77,302,209,9942,593
1999/6/25,2,79,298,221,9934,569
1999/6/26,15,81,280,205,9949,624
1999/6/27,32700,76,274,211,9949,607
1999/6/28,3,80,299,223,9952,598
1999/6/29,13,80,293,228,9950,595
1999/6/30,32700,77,265,228,9944,596
1999/7/1,32700,68,337,223,9945,605
1999/7/2,0,63,338,211,9950,619
1999/7/3,20,82,289,228,9953,611
1999/7/4,0,80,319,235,9934,611
1999/7/5,32700,83,314,257,9913,633
1999/7/6,29,91,263,213,9939,619
1999/7/7,168,89,256,204,9953,603
1999/7/8,0,82,315,221,9929,603
1999/7/9,0,82,296,236,9931,696
1999/7/10,0,75,318,241,9930,710
1999/7/11,32700,74,324,238,9922,655
1999/7/12,5,77,327,238,9921,660
1999/7/13,0,77,299,245,9938,663
1999/7/14,4,80,282,226,9959,613
1999/7/15,46,87,270,226,9958,695
1999/7/16,12,82,303,208,9941,673
1999/7/17,0,81,332,217,9935,755
1999/7/18,0,77,341,230,9920,719
1999/7/19,0,82,323,244,9912,825
1999/7/20,0,81,344,239,9920,825
1999/7/21,0,74,347,253,9930,871
1999/7/22,0,65,346,248,9946,732
1999/7/23,0,69,350,251,9935,784
1999/7/24,0,69,371,255,9913,791
1999/7/25,0,65,388,257,9899,829
1999/7/26,0,72,372,245,9917,834
1999/7/27,0,71,359,266,9903,796
1999/7/28,109,74,315,232,9910,806
1999/7/29,0,72,352,242,9925,858
1999/7/30,0,73,372,245,9901,830
1999/7/31,0,73,383,277,9884,878
1999/8/1,29,86,339,259,9914,726
1999/8/2,0,77,339,253,9930,676
1999/8/3,0,69,337,223,9940,667
1999/8/4,0,65,333,220,9941,673
1999/8/5,0,67,334,212,9928,737
1999/8/6,0,70,354,210,9905,800
1999/8/7,0,66,372,240,9883,753
1999/8/8,0,69,370,269,9881,709
1999/8/9,673,87,313,222,9913,749
1999/8/10,9,80,328,250,9958,700
1999/8/11,0,71,338,233,9967,728
1999/8/12,0,66,321,213,9945,726
1999/8/13,0,72,326,209,9926,733
1999/8/14,0,76,331,237,9949,710
1999/8/15,0,73,350,250,9991,648
1999/8/16,0,73,343,258,9989,682
1999/8/17,0,73,361,249,9962,677
1999/8/18,0,75,350,252,9975,644
1999/8/19,25,75,340,235,9993,646
1999/8/20,8,81,256,223,10015,653
1999/8/21,2,80,285,213,9998,603
1999/8/22,0,73,309,206,10012,587
1999/8/23,0,73,316,194,10027,642
1999/8/24,0,76,293,213,10017,640
1999/8/25,0,82,289,217,9984,627
1999/8/26,32700,76,299,222,9986,613
1999/8/27,0,69,320,216,9989,598
1999/8/28,0,80,293,220,9984,627
1999/8/29,26,79,337,234,9959,590
1999/8/30,0,75,339,207,9965,622
1999/8/31,0,68,344,230,9991,604
1999/9/1,0,72,346,220,10007,601
1999/9/2,0,67,330,224,10016,563
1999/9/3,57,85,283,220,10026,579
1999/9/4,0,78,313,224,10009,541
1999/9/5,0,76,316,223,9993,550
1999/9/6,0,76,352,242,9949,617
1999/9/7,0,77,358,248,9939,594
1999/9/8,60,75,372,246,9944,605
1999/9/9,0,70,385,250,9916,615
1999/9/10,0,75,375,270,9912,572
1999/9/11,0,68,341,277,9960,485
1999/9/12,0,63,338,249,9982,498
1999/9/13,0,57,346,229,9968,511
1999/9/14,231,87,308,210,10001,491
1999/9/15,28,82,230,170,10035,479
1999/9/16,7,85,233,195,10039,484
1999/9/17,25,74,252,185,10039,477
1999/9/18,99,89,226,181,10041,477
1999/9/19,32700,75,283,180,10051,486
1999/9/20,0,71,237,190,10090,472
1999/9/21,0,74,239,142,10091,471
1999/9/22,0,76,268,164,10069,469
1999/9/23,0,71,287,184,10057,468
1999/9/24,0,67,319,173,10026,454
1999/9/25,0,70,321,167,10021,454
1999/9/26,0,61,324,166,10011,461
1999/9/27,0,70,308,169,10016,457
1999/9/28,0,71,316,221,10045,463
1999/9/29,5,85,276,216,10064,465
1999/9/30,9,89,238,215,10046,462
1999/10/1,29,92,230,164,10033,468
1999/10/2,25,75,179,130,10153,464
1999/10/3,129,89,135,87,10193,452
1999/10/4,2,89,124,92,10146,446
1999/10/5,137,95,132,111,10119,461
1999/10/6,3,84,245,97,10082,452
1999/10/7,0,84,242,133,10057,451
1999/10/8,0,78,252,134,10051,440
1999/10/9,42,89,213,171,10052,435
1999/10/10,72,94,191,159,10072,428
1999/10/11,0,84,243,143,10078,422
1999/10/12,26,93,202,170,10071,418
1999/10/13,129,96,182,161,10088,421
1999/10/14,236,97,173,146,10117,424
1999/10/15,20,93,181,148,10141,420
1999/10/16,63,79,195,130,10206,416
1999/10/17,0,82,232,107,10177,410
1999/10/18,0,78,228,101,10147,397
1999/10/19,0,78,234,128,10111,399
1999/10/20,32700,88,204,126,10102,404
1999/10/21,13,90,183,162,10102,396
1999/10/22,0,87,221,128,10106,401
1999/10/23,0,87,234,121,10125,402
1999/10/24,0,86,228,101,10089,401
1999/10/25,61,94,189,145,10079,405
1999/10/26,0,89,241,132,10082,401
1999/10/27,3,91,211,142,10046,395
1999/10/28,0,87,234,131,10049,393
1999/10/29,0,67,181,132,10080,400
1999/10/30,211,93,151,93,10088,404
1999/10/31,25,73,192,102,10110,399
1999/11/1,0,61,188,75,10185,397
1999/11/2,0,74,188,52,10176,388
1999/11/3,0,80,195,84,10150,392
1999/11/4,0,83,155,102,10130,395
1999/11/5,1,86,148,113,10101,392
1999/11/6,0,84,209,107,10095,400
1999/11/7,0,82,230,118,10096,408
1999/11/8,0,66,169,118,10130,398
1999/11/9,32700,71,177,97,10115,396
1999/11/10,226,90,148,103,10071,404
1999/11/11,7,84,204,73,10062,402
1999/11/12,0,85,205,56,10078,399
1999/11/13,0,87,161,104,10070,391
1999/11/14,42,89,165,116,10109,393
1999/11/15,0,73,120,61,10207,393
1999/11/16,46,79,66,40,10242,392
1999/11/17,47,71,161,35,10212,394
1999/11/18,0,82,142,16,10143,392
1999/11/19,0,82,180,16,10109,398
1999/11/20,0,92,130,53,10113,387
1999/11/21,0,86,188,72,10090,395
1999/11/22,0,82,206,82,10067,386
1999/11/23,0,92,175,104,10051,390
1999/11/24,0,59,207,107,10085,389
1999/11/25,0,76,134,86,10117,391
1999/11/26,65,88,108,42,10177,393
1999/11/27,33,77,88,17,10214,391
1999/11/28,0,68,120,6,10223,390
1999/11/29,0,78,121,10,10197,386
1999/11/30,0,83,94,1,10174,389
1999/12/1,0,85,130,-3,10179,392
1999/12/2,0,83,134,-3,10204,390
1999/12/3,0,82,116,34,10220,393
1999/12/4,0,75,118,29,10220,390
1999/12/5,0,64,147,21,10218,387
1999/12/6,0,72,113,-5,10228,395
1999/12/7,0,67,112,-15,10214,396
1999/12/8,0,56,188,5,10168,391
1999/12/9,0,61,180,13,10133,392
1999/12/10,0,73,203,8,10115,388
1999/12/11,0,55,105,29,10191,393
1999/12/12,32700,81,91,23,10154,416
1999/12/13,0,65,167,31,10157,393
1999/12/14,0,62,188,35,10135,390
1999/12/15,0,72,163,25,10103,391
1999/12/16,0,62,131,33,10155,387
1999/12/17,0,59,99,5,10201,403
1999/12/18,0,72,72,-22,10227,392
1999/12/19,0,47,66,-9,10281,380
1999/12/20,0,53,66,-55,10271,385
1999/12/21,0,39,67,-46,10304,384
1999/12/22,0,58,79,-68,10274,380
1999/12/23,0,54,130,-55,10199,379
1999/12/24,0,42,173,19,10152,387
1999/12/25,0,65,172,-14,10126,386
1999/12/26,0,68,130,-21,10125,381
1999/12/27,0,73,154,-22,10145,383
1999/12/28,0,65,126,-14,10169,379
1999/12/29,0,67,124,-28,10086,382
1999/12/30,0,70,133,-15,10071,385
1999/12/31,0,64,79,21,10117,385
2000/1/1,1,81,76,-3,10119,393
2000/1/2,0,87,109,-24,10112,385
2000/1/3,0,83,111,-13,10058,385
2000/1/4,32700,82,63,19,10070,385
2000/1/5,10,80,50,23,10088,384
2000/1/6,32700,78,99,36,10139,387
2000/1/7,0,70,46,-11,10139,387
2000/1/8,32700,84,8,-39,10103,385
2000/1/9,0,81,89,-21,10100,386
2000/1/10,44,90,41,13,10115,388
2000/1/11,80,91,31,3,10129,390
2000/1/12,32700,87,56,-1,10136,388
2000/1/13,0,90,37,-6,10127,385
2000/1/14,21,87,-4,-19,10140,383
2000/1/15,14,87,5,-18,10153,383
2000/1/16,4,87,14,-5,10199,383
2000/1/17,2,91,65,-1,10186,380
2000/1/18,0,76,116,-19,10176,384
2000/1/19,0,73,56,-33,10209,396
2000/1/20,0,73,56,-19,10208,383
2000/1/21,102,88,25,-25,10217,385
2000/1/22,32700,84,38,-21,10168,386
2000/1/23,1,85,30,-3,10175,379
2000/1/24,58,90,15,-30,10273,369
2000/1/25,32700,66,-5,-46,10318,387
2000/1/26,0,82,31,-43,10307,386
2000/1/27,0,77,38,-49,10283,385
2000/1/28,0,76,44,-15,10223,383
2000/1/29,0,74,85,-26,10248,376
2000/1/30,0,61,34,-28,10332,364
2000/1/31,0,56,22,-13,10325,364
2000/2/1,0,70,23,-60,10256,385
2000/2/2,0,70,45,-36,10203,389
2000/2/3,0,76,55,-42,10192,382
2000/2/4,32700,73,33,9,10183,387
2000/2/5,0,80,105,-42,10155,384
2000/2/6,0,80,124,1,10122,374
2000/2/7,0,47,113,16,10163,380
2000/2/8,0,58,100,-39,10147,391
2000/2/9,0,51,76,-15,10123,377
2000/2/10,0,63,126,-22,10075,372
2000/2/11,0,70,150,4,10081,369
2000/2/12,0,74,153,10,10061,358
2000/2/13,7,83,127,76,10073,347
2000/2/14,0,70,148,19,10135,360
2000/2/15,0,64,133,-4,10146,380
2000/2/16,0,57,139,28,10098,370
2000/2/17,3,89,96,25,10101,361
2000/2/18,138,93,61,34,10073,355
2000/2/19,2,85,86,36,10094,376
2000/2/20,4,83,88,39,10117,374
2000/2/21,32700,81,78,32,10110,370
2000/2/22,32700,84,81,46,10113,367
2000/2/23,0,73,112,44,10137,366
2000/2/24,32700,79,91,42,10180,370
2000/2/25,3,55,128,46,10181,408
2000/2/26,0,49,163,-10,10157,376
2000/2/27,0,63,158,17,10121,316
2000/2/28,0,68,153,18,10163,323
2000/2/29,0,63,145,29,10180,300
2000/3/1,0,70,168,-1,10136,302
2000/3/2,0,68,137,23,10106,310
2000/3/3,0,75,157,26,10071,297
2000/3/4,0,71,168,38,10078,302
2000/3/5,0,50,167,58,10079,305
2000/3/6,0,59,178,73,10087,314
2000/3/7,32700,53,137,86,10123,310
2000/3/8,0,65,173,44,10119,336
2000/3/9,0,57,181,84,10111,340
2000/3/10,32700,64,132,84,10100,351
2000/3/11,0,72,173,26,10075,305
2000/3/12,0,70,173,35,10054,306
2000/3/13,0,72,174,37,10066,306
2000/3/14,1,74,150,76,10081,306
2000/3/15,26,72,202,92,10053,276
2000/3/16,0,65,215,54,10058,226
2000/3/17,0,68,193,71,10028,230
2000/3/18,0,66,247,49,10027,238
2000/3/19,0,46,181,98,10085,236
2000/3/20,32700,51,177,74,10048,250
2000/3/21,32700,62,161,104,10065,256
2000/3/22,7,67,123,102,10118,257
2000/3/23,32700,40,196,96,10152,268
2000/3/24,0,51,218,43,10125,252
2000/3/25,0,40,241,111,10115,252
2000/3/26,0,52,262,62,10083,252
2000/3/27,0,43,297,80,9990,252
2000/3/28,0,34,260,125,10073,256
2000/3/29,0,48,252,92,10062,257
2000/3/30,0,58,266,107,9960,257
2000/3/31,0,61,244,140,9980,261
2000/4/1,32700,53,211,128,10032,264
2000/4/2,6,78,172,73,10075,272
2000/4/3,32700,76,165,110,10075,281
2000/4/4,0,64,263,67,10029,284
2000/4/5,32700,47,199,125,10107,296
2000/4/6,32700,64,193,103,10067,303
2000/4/7,0,67,234,78,10072,331
2000/4/8,32700,61,240,109,10044,358
2000/4/9,0,67,262,109,10034,396
2000/4/10,0,36,225,99,10139,429
2000/4/11,4,60,197,115,10057,435
2000/4/12,0,65,279,78,9979,430
2000/4/13,0,71,284,117,9941,437
2000/4/14,173,75,237,92,10077,443
2000/4/15,0,58,226,70,10095,439
2000/4/16,0,67,260,73,10034,440
2000/4/17,1,73,278,130,9973,419
2000/4/18,8,77,267,174,9982,431
2000/4/19,0,86,239,135,9988,450
2000/4/20,32700,51,257,171,10015,450
2000/4/21,0,55,284,120,10011,444
2000/4/22,0,61,266,157,10010,428
2000/4/23,0,67,273,154,9986,451
2000/4/24,0,70,286,143,9938,452
2000/4/25,2,60,237,190,9961,459
2000/4/26,0,46,259,169,10013,459
2000/4/27,0,49,281,116,10014,392
2000/4/28,0,51,289,148,9980,339
2000/4/29,0,56,250,169,10017,292
2000/4/30,0,46,290,144,10027,231
2000/5/1,0,56,290,148,9996,246
2000/5/2,0,54,323,135,10032,250
2000/5/3,0,42,367,138,9997,244
2000/5/4,0,55,342,176,9984,248
2000/5/5,0,61,329,171,10005,248
2000/5/6,0,50,249,159,10100,259
2000/5/7,0,51,249,158,10053,249
2000/5/8,20,71,212,152,10012,276
2000/5/9,17,65,320,161,9981,271
2000/5/10,0,61,313,160,9980,281
2000/5/11,200,78,268,176,9966,286
2000/5/12,0,64,319,182,9949,271
2000/5/13,0,61,266,178,9967,298
2000/5/14,32700,57,330,178,9950,325
2000/5/15,48,84,275,193,9995,392
2000/5/16,126,79,261,166,10038,456
2000/5/17,0,76,282,153,10001,471
2000/5/18,0,52,332,202,9976,477
2000/5/19,0,52,346,152,9968,470
2000/5/20,0,54,363,167,9967,432
2000/5/21,0,56,371,192,9951,406
2000/5/22,0,52,349,220,9953,315
2000/5/23,0,59,326,241,9956,292
2000/5/24,86,78,285,220,9950,291
2000/5/25,185,94,236,206,9920,307
2000/5/26,0,78,303,190,9932,319
2000/5/27,24,64,283,214,9980,318
2000/5/28,3,68,243,181,10035,314
2000/5/29,68,92,184,144,10015,334
2000/5/30,8,87,262,156,9947,333
2000/5/31,32700,82,314,180,9924,351
2000/6/1,32700,80,318,221,9926,364
2000/6/2,635,94,293,203,9938,377
2000/6/3,211,96,223,205,9968,328
2000/6/4,32700,84,273,190,10000,367
2000/6/5,0,79,291,195,9977,369
2000/6/6,0,80,299,202,9968,346
2000/6/7,0,76,316,215,9936,304
2000/6/8,6,73,295,225,9942,306
2000/6/9,0,78,313,212,9945,309
2000/6/10,17,65,287,202,9990,309
2000/6/11,0,69,313,188,9981,307
2000/6/12,0,70,306,209,9996,306
2000/6/13,0,62,318,200,9994,304
2000/6/14,0,66,314,200,9952,307
2000/6/15,0,61,336,221,9923,308
2000/6/16,0,67,327,220,9959,308
2000/6/17,0,62,330,200,10002,308
2000/6/18,0,64,315,215,10007,309
2000/6/19,32700,63,333,227,9970,318
2000/6/20,5,67,323,211,9939,325
2000/6/21,3,71,305,228,9920,329
2000/6/22,0,74,326,217,9915,323
2000/6/23,0,80,316,251,9905,348
2000/6/24,47,90,298,250,9891,433
2000/6/25,19,91,288,249,9882,446
2000/6/26,210,96,269,221,9923,439
2000/6/27,165,91,275,220,9946,455
2000/6/28,82,90,286,238,9925,500
2000/6/29,1,77,338,210,9919,716
2000/6/30,0,80,332,233,9934,804
2000/7/1,2,90,301,244,9953,1020
2000/7/2,479,96,247,205,9948,1070
2000/7/3,18,97,245,209,9944,1180
2000/7/4,47,92,278,220,9936,1330
2000/7/5,9,91,299,242,9946,1170
2000/7/6,125,90,313,240,9950,1390
2000/7/7,892,95,259,227,9948,1540
2000/7/8,32700,85,318,236,9936,1460
2000/7/9,0,81,329,245,9938,1480
2000/7/10,0,78,322,237,9955,1460
2000/7/11,32700,83,294,239,9964,1560
2000/7/12,2,88,277,248,9956,1460
2000/7/13,6,86,292,233,9915,1610
2000/7/14,105,88,270,237,9902,1960
2000/7/15,65,91,288,235,9901,3810
2000/7/16,32700,86,350,249,9910,4040
2000/7/17,0,81,352,246,9896,4190
2000/7/18,25,82,357,263,9881,4050
2000/7/19,61,88,307,253,9895,4030
2000/7/20,32700,86,315,250,9921,3920
2000/7/21,0,84,340,258,9927,3400
2000/7/22,0,82,355,265,9898,3380
2000/7/23,3,82,348,257,9880,3350
2000/7/24,19,84,343,247,9888,3250
2000/7/25,0,83,347,268,9892,2680
2000/7/26,0,80,351,276,9887,2650
2000/7/27,0,83,352,269,9875,2630
2000/7/28,32700,85,323,268,9897,2600
2000/7/29,197,79,318,245,9925,2590
2000/7/30,0,63,351,225,9925,2560
2000/7/31,0,65,346,206,9922,2220
2000/8/1,0,76,341,220,9933,1790
2000/8/2,58,84,299,210,9946,1860
2000/8/3,390,97,228,203,9975,1810
2000/8/4,210,97,236,204,9967,1840
2000/8/5,202,96,237,216,9984,1860
2000/8/6,15,95,256,224,9994,1850
2000/8/7,0,89,304,229,9984,1850
2000/8/8,253,91,323,236,9963,1850
2000/8/9,22,89,324,251,9950,1820
2000/8/10,0,83,345,245,9929,1880
2000/8/11,0,83,345,262,9924,1880
2000/8/12,0,81,337,263,9932,1870
2000/8/13,39,82,327,256,9939,1880
2000/8/14,0,78,346,264,9936,2530
2000/8/15,32700,76,327,258,9931,2360
2000/8/16,0,79,343,235,9924,1880
2000/8/17,25,86,327,248,9946,1890
2000/8/18,300,95,253,221,9973,1920
2000/8/19,231,88,293,214,9971,2230
2000/8/20,0,84,315,219,9979,2580
2000/8/21,0,81,312,222,9990,2610
2000/8/22,60,85,312,231,9994,2620
2000/8/23,138,83,315,219,10001,2620
2000/8/24,0,78,317,232,9966,2430
2000/8/25,0,72,333,225,9967,1880
2000/8/26,0,69,336,210,9968,1880
2000/8/27,0,67,326,222,9979,1890
2000/8/28,2,73,316,208,9993,1900
2000/8/29,0,74,312,232,9981,1900
2000/8/30,0,76,322,225,9949,1870
2000/8/31,0,78,318,230,9937,1870
2000/9/1,0,78,331,220,9945,1880
2000/9/2,2,79,316,226,9962,1910
2000/9/3,275,86,318,226,9979,1920
2000/9/4,0,85,324,247,9977,1910
2000/9/5,258,84,294,199,10009,1870
2000/9/6,32700,74,224,186,10063,1840
2000/9/7,57,80,233,158,10086,1840
2000/9/8,0,78,271,153,10067,1820
2000/9/9,4,83,217,172,10073,1860
2000/9/10,45,84,197,164,10069,1890
2000/9/11,7,79,219,161,10048,1790
2000/9/12,1,75,271,170,10058,1680
2000/9/13,0,73,291,164,10066,1730
2000/9/14,0,73,302,174,10043,1510
2000/9/15,0,72,304,182,10018,1130
2000/9/16,0,69,342,191,9996,934
2000/9/17,0,68,340,174,9993,943
2000/9/18,0,75,317,200,9992,960
2000/9/19,4,71,288,201,10026,917
2000/9/20,10,78,279,214,10036,733
2000/9/21,0,83,253,191,10057,700
2000/9/22,32700,87,236,205,10053,609
2000/9/23,32700,85,288,215,10014,522
2000/9/24,34,90,273,223,9981,495
2000/9/25,199,94,224,177,10034,556
2000/9/26,283,96,191,176,10053,586
2000/9/27,2,88,199,166,10049,530
2000/9/28,38,93,188,157,10066,538
2000/9/29,4,86,219,163,10072,476
2000/9/30,5,85,222,176,10067,515
2000/10/1,230,96,202,178,10049,602
2000/10/2,32700,85,272,172,10048,617
2000/10/3,0,84,267,163,10056,616
2000/10/4,0,84,273,144,10046,575
2000/10/5,0,80,275,179,10060,592
2000/10/6,0,82,269,169,10048,544
2000/10/7,0,84,286,174,10032,496
2000/10/8,0,89,252,176,10014,502
2000/10/9,32700,83,205,169,10025,521
2000/10/10,28,96,188,155,10024,607
2000/10/11,65,94,171,146,10105,631
2000/10/12,216,88,152,102,10196,732
2000/10/13,32,86,122,89,10179,885
2000/10/14,32700,82,171,90,10147,1190
2000/10/15,32700,84,204,95,10164,1010
2000/10/16,43,92,171,124,10162,998
2000/10/17,0,83,232,108,10101,962
2000/10/18,0,87,201,87,10097,913
2000/10/19,32700,82,201,128,10068,939
2000/10/20,0,86,226,107,10079,965
2000/10/21,130,92,177,145,10088,959
2000/10/22,44,90,215,146,10045,975
2000/10/23,10,96,173,145,10039,951
2000/10/24,96,97,170,134,10091,979
2000/10/25,14,81,141,101,10162,922
2000/10/26,25,77,107,84,10177,1580
2000/10/27,141,95,105,76,10165,2990
2000/10/28,232,94,133,97,10157,4310
2000/10/29,0,55,186,102,10157,2700
2000/10/30,0,79,183,53,10095,1480
2000/10/31,0,67,207,74,10131,1640
2000/11/1,0,74,188,45,10145,1500
2000/11/2,0,80,196,48,10103,1290
2000/11/3,0,84,194,53,10101,936
2000/11/4,0,74,252,99,10116,1000
2000/11/5,0,80,223,82,10034,1030
2000/11/6,0,83,224,98,10037,1030
2000/11/7,0,60,177,92,10135,1080
2000/11/8,32700,67,98,33,10180,1010
2000/11/9,32700,83,73,29,10133,1060
2000/11/10,32,89,51,32,10245,1010
2000/11/11,102,93,48,4,10231,1010
2000/11/12,0,83,126,5,10186,991
2000/11/13,2,87,92,36,10137,992
2000/11/14,14,92,85,68,10148,958
2000/11/15,118,93,78,45,10204,1000
2000/11/16,4,86,74,38,10224,980
2000/11/17,0,89,96,28,10196,965
2000/11/18,2,91,94,25,10156,991
2000/11/19,11,68,111,59,10185,868
2000/11/20,0,54,150,58,10192,841
2000/11/21,0,79,136,4,10146,851
2000/11/22,0,83,139,10,10127,905
2000/11/23,0,85,146,23,10117,880
2000/11/24,0,86,158,44,10090,930
2000/11/25,0,84,162,39,10085,818
2000/11/26,2,81,124,83,10165,771
2000/11/27,1,79,138,80,10168,809
2000/11/28,32700,90,105,41,10149,800
2000/11/29,32700,82,116,79,10132,770
2000/11/30,19,85,98,73,10144,759
2000/12/1,10,93,86,42,10154,763
2000/12/2,32700,65,137,61,10173,809
2000/12/3,0,68,132,8,10172,797
2000/12/4,0,75,151,2,10108,836
2000/12/5,0,81,136,21,10123,756
2000/12/6,0,83,114,69,10121,794
2000/12/7,0,86,158,36,10131,751
2000/12/8,32700,95,96,27,10094,742
2000/12/9,3,94,91,58,10073,754
2000/12/10,34,75,94,59,10193,744
2000/12/11,19,81,74,21,10245,743
2000/12/12,2,80,89,16,10226,739
2000/12/13,0,92,76,-18,10141,798
2000/12/14,0,90,46,19,10137,872
2000/12/15,0,91,88,24,10128,844
2000/12/16,0,79,75,35,10180,867
2000/12/17,0,83,93,17,10126,884
2000/12/18,0,89,84,30,10099,870
2000/12/19,57,86,71,15,10185,885
2000/12/20,24,71,133,10,10196,787
2000/12/21,0,77,141,-3,10138,778
2000/12/22,0,83,173,-7,10091,778
2000/12/23,0,94,94,0,10115,777
2000/12/24,0,80,182,0,10115,773
2000/12/25,0,87,139,10,10142,761
2000/12/26,0,80,85,27,10164,751
2000/12/27,0,84,63,22,10184,782
2000/12/28,0,72,61,21,10197,783
2000/12/29,21,88,51,29,10143,763
2000/12/30,0,91,131,10,10130,750
2000/12/31,32700,95,57,30,10133,752
